k,LB,UB,gap,sum_ms,ms,added_nodes,UB_node,new_nodes,as_nodes
9,-1.6122322329951475,0.1865062613461406,1.798738494341288,-1.7987384943432365,"[-3.0006869434916625, -2.365472048184185, -1.8801187758067188, -0.9750773158512983, -1.70718559922219, -2.483500388673923, -1.111416529253551, -2.7820722426862012, -1.08448199723749, -0.41669078633057377, -3.0286462931185563, -1.3567798955318804, -4.169556372993588, -2.163897190145908, -1.3343858604699705, -0.6741769990679117, -2.133241081421414, -3.2588231954711757, -1.0090632252445189, -1.2825833439974605, -1.4696070159038208, -2.3632624908168287, -4.103621001585572, -2.02683454782483, -3.1394884647482453, -3.9646062915657776, -2.1401929094866197, -0.7824897714823761, -0.8576660766953363, -0.9369023925404469, -0.6600125237521671, -1.226963920352047, -2.6244117042731103, -2.144726332167461, -2.4303845837848828, -0.8318954395892435, -1.8916857859791323, -2.700679824117294, -1.4818136098444898, -0.253638069149155, -2.27824863298979, -1.9861647100366844, -0.9109870276046704, -0.7676259886864408, -1.2634259550440101, -0.8615158235501955, -1.8870767232706043, -1.555270029192973, -1.5837828676847556, -3.385525663123281, -3.7046488491100336, -1.2629508477951978, -1.0155644257138352, -0.4795252021904746, -2.086361044488281, -2.8481835960363675, -1.1845770903372008, -0.532930112567602, -3.171909974590311, -2.345086576906917, -1.845835098694613, -1.0294588867584067, -1.283685849692314, -1.1355254886184127, -0.5005218844671897, -0.6351993207486384, -2.3862403393748886, -3.5547082723663577, -1.3468908258613554, -2.0441986103093113, -1.9220372925904665, -2.94032815457884, -0.7790770737018557, -0.5339413423668401, -1.2632247102240717, -0.8192475823039661, -1.2555391037056065, -1.7645707019812296, -1.5079549376240347, -1.7845683457009425, -1.51083069870187, -2.0919084537330894, -1.0945495771350924, -1.545257357651698, -1.641732174178349, -1.6765680613701903, -1.3548324642558944, -0.7287338664274416, -0.9904155318049539, -0.5919852451971566, -6.9494672389691585, -1.3098442533889334, -4.379816694840001, -3.2653826550341445, -1.289996842845544, -3.416274236627152, -0.9484346631351152, -1.128659835937987, -0.46756728629863764]","[9.853651457715013e-09, 0.8563347317760156, 0.8563347213176169]","[10.0, 10.0, 0.0]","[0.0, 0.0, 0.0]","[3.9007114612311193, 1.3181867814258295, 0.3985496797003679, 0.45271689769596524, 0.17764306279950365, 0.2956157280989043, 0.1640184564624242, 0.24791484025329613, 0.6059916269403635, 0.7392313595346068, 0.8297792464696442, 0.6721899521123331, 1.139835510553746, 1.909878183347354, 1.487278211287542, 1.7770208187572036, 1.7376592214208473, 1.7092080488225931, 0.304854278269218, 0.5072019326391662, 2.4472333218717957, 2.7425694586301486, 2.7741263948642487, 1.5627720595626498, 3.141454149637052, 0.5347406692754081, 0.3422685730519471, 3.317177587656366, 0.7411325781724728, 3.3147212866545166, 2.9161804767711494, 0.5504638092832586, 0.9063570076994701, 3.5141540810504477, 0.6059916237662724, 2.4258879182370188, 3.596718303401542, 0.8035495872792419, 3.2889677173320355, 0.6059916276553068, 3.6024728715887333, 0.8512297381811706, 1.0278931033125223, 3.705674357232809, 1.5212239544900887, 3.7491166557450137, 3.8019542417283776, 3.75407865814095, 0.19986095828541167, 3.4549552092130833]"
10,-1.5067548652273983,0.18650626134808887,1.693261126575487,-1.6932611265754873,"[-2.810316916363551, -2.2167130120963248, -1.7784519782712882, -0.9773327465865684, -1.6260043564249125, -2.302525215898398, -1.0319966299121501, -2.655647865621842, -1.0100866893740024, -0.4351330827483805, -2.853990147301613, -1.189286644514949, -3.987015341848343, -2.0429388073026824, -1.3341712772712377, -0.6534883139537309, -2.111555895556399, -3.1953794853103887, -0.9352502395449757, -1.2825668710449587, -1.4653668245408316, -2.1466509960391504, -3.8971260188850882, -1.8197310520550185, -2.8875904794670517, -3.611161699200875, -2.0243024534978082, -0.7761843925976788, -0.8514255287812347, -0.8480676056060175, -0.5792792250884771, -1.1372126410619146, -2.492923771055518, -1.9247073027156834, -2.3120274559735976, -0.8020376434789809, -1.7779993150413747, -2.599402142683548, -1.3809654318790647, -0.24247102008372973, -2.217301175250298, -1.9403307431979593, -0.8828052615242912, -0.7310333337913834, -1.2223630142519697, -0.8299239013091531, -1.744660251312086, -1.4852667746515635, -1.5810675315515312, -3.0945058105405177, -3.441032220812615, -1.1758814366234152, -0.9758867352583431, -0.4807236929903873, -2.000240102147429, -2.3703667219568922, -1.1717481971906114, -0.5328005248685151, -2.979689755682704, -2.205234450387346, -1.6750376290739482, -1.0148736371238627, -1.1297502213310542, -1.1011379190077686, -0.4969432518933291, -0.6337027144022401, -2.1684414787273205, -3.3346884702773547, -1.2811220345587415, -1.9057469528502877, -1.752308182052926, -2.754526396315514, -0.765125900245504, -0.5087008339276193, -1.1448365387058852, -0.7619670747122562, -1.2016150752708266, -1.5088239376239103, -1.4280951559321386, -1.721420675623, -1.41467558662686, -1.8670916772214305, -1.0868872313875402, -1.457094219207085, -1.5185148826502148, -1.6368532246347498, -1.3541954167935761, -0.7206248604979101, -0.9467330949379813, -0.5182019831082022, -6.511346254829525, -1.206631514077922, -4.030947680393773, -3.1860356737467432, -1.190625406395771, -3.1521480703423275, -0.9221687112964054, -1.0658290039018137, -0.4880368072895987]","[0.0, 0.7461742272139197, 0.3933764038614373]","[10.0, 10.0, 0.0]","[0.0, 0.0, 2.224450793942]","[3.054419096960109, 1.1867089872052414, 0.34648658479347566, 0.43009854751704346, 0.1451846281587174, 0.26056158183010303, 0.13934526659343766, 0.22404360932716605, 0.4845904974609589, 0.5891054901988839, 0.739591632052404, 0.44305855129677574, 1.2899020783759922, 1.4879505910408424, 1.004619269046879, 1.5351540446822092, 1.3627933121338704, 1.170331900008081, 0.24710267935396865, 0.4445685421363797, 1.7179423261077171, 1.9903283310896904, 1.9907864164021258, 1.0461635690908095, 2.318092630899049, 0.4833223554521, 0.27581742602323056, 2.396070726773755, 0.5579122893520313, 2.494641814221568, 2.0410992484370225, 0.481034872527566, 0.7344942365955252, 2.6690563569944943, 0.48459049573692314, 1.808841936804667, 2.6695975392939215, 0.7149424730029387, 2.398185020460778, 0.4845904996854502, 2.7637502536362226, 0.7531794602948735, 0.9182013860541222, 2.8572564844717, 1.2877115265611185, 2.8488056778008235, 2.9538894262268958, 2.9099736345311804, 0.16564953523555612, 2.6244362421415945]"
11,-1.4683449205599395,0.18650626134808887,1.6548511819080283,-1.6548511819080285,"[-2.7263432752717778, -2.1977706441433456, -1.7841794026348943, -0.9773694842613561, -1.6262816637114177, -2.076032804289864, -0.9922781122445032, -2.656390755196047, -1.004832432267404, -0.4351448114669676, -2.8156542283200086, -1.08970961267128, -4.000789107947407, -2.016647652330597, -1.3343858586926534, -0.6535865249573735, -2.1179092609099843, -3.194229783951955, -0.9146357829905277, -1.2825833423055024, -1.465608161319681, -2.14736534576944, -3.9311517760102106, -1.7120528870827476, -2.8520821789281063, -3.437688449725882, -1.8958549344988573, -0.7756336031454725, -0.8498825627375599, -0.7465115178834818, -0.5704296609156084, -1.1280029054294034, -2.4926813913469457, -1.9243402156827443, -2.303929416150303, -0.8023057275948158, -1.5073607377583607, -2.590825593891632, -1.2754454672589612, -0.24247099461942057, -2.208696655432215, -1.9383384836201791, -0.8146870307780998, -0.730761315678309, -1.2222515319444378, -0.798575335369653, -1.7232587588511135, -1.3132012023456403, -1.5810095718199548, -3.085415769334506, -3.4129573723323845, -1.1758729157356653, -0.9072653448200171, -0.4643906087384082, -1.9188572821924403, -2.2860602869738287, -1.1747648596900162, -0.5327462425909747, -2.9617108302611608, -2.0521448423735844, -1.675020082476661, -1.0110165622545741, -0.997931726779574, -1.102455094051611, -0.49955919907718177, -0.6336824554784066, -2.0912317189623577, -3.2307886085955975, -1.2251735214205592, -1.9027691643482405, -1.5761099786743884, -2.7194653240501654, -0.6964869576258333, -0.5064343505991038, -1.1057162562787217, -0.7374991762645811, -1.0323746905868687, -1.4522495961987394, -1.427234515813752, -1.7226426582860028, -1.4014425228005278, -1.7595195079016261, -1.0884551862029574, -1.4570010534229512, -1.5161261068995588, -1.6367186930777309, -1.3536285844717821, -0.7261403296046801, -0.9403479314168413, -0.4963636503787959, -6.49673140569246, -1.1875025054143398, -4.0313001508163175, -3.1826547330680506, -1.0968645271188233, -2.879223375037016, -0.8504567846093037, -1.0445671819428604, -0.4880368319982475]","[0.47527025224856473, 0.5762009260008607, 0.0]","[10.0, 10.0, 0.0]","[0.0, 0.0, 0.0]","[2.8069996617289235, 1.1825296203980762, 0.7522422618828908, 0.5267211031587535, 0.23108238667973857, 0.32429447742975603, 0.21779133974040812, 0.2899162770839087, 0.837092459732342, 1.1048896833029462, 1.406465103109566, 0.8638931393358235, 2.0592722108783343, 1.273763816787678, 1.4748682594813711, 2.32899382401015, 2.0738312832346635, 1.715097619049211, 0.3824537196774677, 0.6611603269452725, 2.0379798144220285, 2.3038285786213133, 1.524769595106921, 1.1156963806867723, 2.4144144378781633, 0.5648347489948331, 0.3340233236110913, 1.962583709049981, 0.6563085536779953, 2.567967556861409, 1.9147579156567316, 0.5422442025183413, 0.7895150326470787, 2.6092770680234296, 0.8370924534229537, 2.313361464600648, 2.316222899381242, 0.7672190878902178, 2.294418414562435, 0.8370924576379485, 2.6888410167461183, 0.795051803038434, 0.9461372462067887, 2.7077607969117836, 1.2185518749609534, 2.548455189529998, 2.756878620270818, 2.749756814860077, 0.2314096926538701, 2.6277710189977084]"
12,-1.4577423608969475,0.18650626134808887,1.6442486222450363,-1.6442486222450365,"[-2.6792011432176817, -2.2034377181929363, -1.7841488667231964, -0.9765006610756922, -1.6263720742069965, -2.076232370224837, -0.9921169695629232, -2.656587799138057, -1.0026683916810424, -0.43514504876838117, -2.760965912260349, -1.0894390100199627, -3.9673061026700913, -1.9977184439618458, -1.3341840212459002, -0.6533122927956275, -2.118247379260172, -3.1941722666077528, -0.911342175410415, -1.2810191824228871, -1.465681878668978, -2.1470884270824784, -3.9313181386359086, -1.7127005409731204, -2.8429416293367122, -3.349405324407625, -1.8680756420415423, -0.7751872246077487, -0.8518043261655639, -0.7445601808397904, -0.5717662432112316, -1.0781174189991762, -2.4946756234520886, -1.8710470437378204, -2.2840454364785776, -0.8019884617263446, -1.489438968612455, -2.5994488180397095, -1.2754476331793212, -0.2423830386035758, -2.2094858254389473, -1.9355406479922221, -0.8092170217754941, -0.7308692124062598, -1.22163981541867, -0.7934541192747808, -1.717230358154601, -1.3199736207193808, -1.5808606428263565, -3.1034002276531165, -3.3173981293036237, -1.1758794216479962, -0.9057889771035172, -0.4691239621938702, -1.902230425324194, -2.2859600507005693, -1.1653642640809954, -0.5326063068955484, -2.918038711026717, -2.053091065349637, -1.675041710398948, -1.014552186555488, -0.9930879659239622, -1.102406708341527, -0.49921047321153744, -0.6337081921190367, -2.0284355829532306, -3.1937184776359357, -1.1934360763981662, -1.9048178551879054, -1.5761794366618527, -2.7199733074394277, -0.6978864380534788, -0.5084322618335081, -1.105772863340689, -0.7410718065787506, -1.0329582093391876, -1.4510613137961292, -1.428854451819217, -1.7225856878580534, -1.4017779023511283, -1.7672940537991746, -1.0886381773558402, -1.4568592962340625, -1.51936919095525, -1.6357996121354776, -1.3547477050432604, -0.7000889676959485, -0.9420626237495006, -0.49634665690715485, -6.220705348887215, -1.1883910018805461, -4.030339787217556, -3.182616644812108, -1.0893252607561523, -2.834891376057792, -0.8311578173669889, -1.0445817411785676, -0.4880367988959098]","[1.489952319269389, 0.0, 0.0]","[10.0, 10.0, 0.0]","[0.0, 0.002632253852920235, 0.0026322538193020266]","[2.1797722248545828, 1.3000648607286673, 1.2489330241266328, 0.920157148285882, 0.5047919667631662, 0.672334873584036, 0.506146468995879, 0.6552222264982754, 1.3674862923853148, 1.655669478170308, 1.7282738884055353, 1.2216002344116514, 2.1531756338285555, 1.1870918351679507, 1.7911114571198834, 2.152874129764612, 2.0077838641076315, 1.7509924309170544, 0.7986741341142215, 1.0991008196798888, 1.9931343054045614, 2.0053604681149806, 1.543690108996078, 1.4070006690856165, 2.0931715693813615, 0.9139097928787155, 0.896725084217525, 1.8623779764673727, 0.9558608331390691, 2.1010013492841235, 1.8763799850440013, 0.8522051643169423, 1.01693670129438, 2.138023492735184, 1.3674862837963009, 2.075341075129451, 2.0210215340353255, 1.0395716731071811, 2.0141932649005883, 1.3674862856757763, 2.1416892025387146, 1.0392087726022106, 1.1521213199301734, 2.1592517296340206, 1.200721018742414, 2.1026343756471, 2.169512961829319, 2.1615242133426227, 0.5230550247363346, 2.121358370562453]"
13,-1.2140508464964335,0.18650626134808887,1.4005571078445223,-1.4005571078445223,"[-2.472422110843813, -1.5083896276752673, -1.274914408568831, -0.8064823981284133, -1.0663424728293291, -1.624459665190262, -0.9238202795972641, -1.657501032095818, -0.9760099918054337, -0.4351450542674139, -2.6951756367288584, -0.9686248523752016, -3.676828372544117, -1.5016911828295976, -1.3343594272684154, -0.44447864203794624, -1.719375823010509, -2.321777391645079, -0.907008010753936, -1.2823512032538307, -1.4655983340820913, -1.7778076143411639, -3.573217248637377, -1.2879227306107586, -2.460227941643204, -3.3494116878924913, -1.314314610749196, -0.6143867666363778, -0.5226815150004045, -0.6450806174677055, -0.45799641122363155, -1.0505971077878096, -1.9447443849057633, -1.4877512101578922, -1.8125964525772764, -0.5310473085419701, -1.4331178526471071, -2.1749025282764807, -0.8850880603937601, -0.24244893867311226, -1.871429400969772, -1.9393891145084683, -0.708655379075922, -0.4256362592010622, -1.0555197475072242, -0.5443421664843432, -1.5902515556966859, -1.0291296482100605, -1.2662028407532089, -2.3449761664514375, -3.31739788503283, -1.1758017416978017, -0.575845276363331, -0.46439059165282603, -1.6528504935505004, -2.0705137992878924, -0.9421042053795142, -0.4877788313075724, -2.8433535393885796, -1.9475818654426964, -1.3603824094805304, -0.6758403221431755, -0.8948256547938853, -0.702201130232456, -0.44828077377607856, -0.6336504475199043, -2.005467432887113, -2.6942825319954737, -1.1934744920211662, -1.8989189873685375, -1.3158165031666877, -2.228962586416799, -0.516246189366677, -0.5086984729862924, -1.0375760005482604, -0.7038599565964644, -0.6832502929539597, -1.2669607720783134, -0.9342051150485221, -1.4622861388162671, -1.233407955403381, -1.5077924429309495, -0.6464041374170526, -1.4532396724668022, -1.3878706413459079, -0.9033024019373546, -0.9110122131237699, -0.6831227439836945, -0.6191565437624031, -0.49547841692161965, -6.191771801517159, -1.0914696149303704, -3.0226305196900034, -2.8389520558413928, -0.9315737472484015, -2.83489133045636, -0.6771146343595372, -0.6915852788034276, -0.48794390061500414]","[0.0, 0.8316386486946521, 0.0]","[10.0, 10.0, 0.0]","[0.0, 0.0, 10.0]","[2.348063025570599, 1.1386248649255022, 0.224070511434124, 0.4451414448473808, 0.1416967751190219, 0.259100104742271, 0.1350536670990821, 0.226180059763481, 0.5424869666296176, 0.6902185354421794, 0.6588882527917381, 0.40319293226641795, 1.2175711380784413, 1.3052176720321975, 0.9588966856090096, 1.334549529821849, 1.179474804395733, 1.0208956882716935, 0.25929691551822737, 0.4683243377191029, 1.474188301658557, 1.6397687428236103, 1.6032037619787853, 0.9287171660874454, 1.8791032002766457, 0.4788194928898274, 0.20833188191317356, 1.8962599861946314, 0.5308922071057887, 1.9866038098636876, 1.6714563112479426, 0.4706680133401536, 0.6947345602495312, 2.1061024157722734, 0.5424869635078085, 1.5207811780078622, 2.095282713552917, 0.6949053024464256, 1.9244085923477978, 0.5424869670400215, 2.163169921481373, 0.7294908732674075, 0.8859711737333495, 2.2251762700620876, 1.1956985250522438, 2.2175773026681913, 2.285636989756195, 2.256900403532351, 0.1630655722992202, 2.072444665020497]"
14,-0.9486908068068921,0.18650626134808887,1.135197068154981,-1.135197068154981,"[-1.493122194684866, -1.3781651357643878, -1.2686343779585854, -0.8064982694933698, -0.9582272356051429, -1.6263119951335152, -0.9238200196175576, -1.449184242572785, -0.9760089904911853, -0.43514504098484025, -1.5401125431384828, -0.9686090817353075, -2.2907750564799807, -1.501567251366031, -1.334260164117842, -0.4444663405951471, -1.1333497822522476, -1.8365907230222356, -0.9003245899293856, -1.2825813493330562, -1.4656970829444003, -1.7778069657444495, -2.5634997724057422, -0.8682374266858939, -1.6062275449368633, -1.691353206487233, -1.3181661548995565, -0.6119840523172347, -0.5495248350565384, -0.6450848998277684, -0.4579766094969282, -1.0504032409215593, -1.4144719212564796, -0.8706175490427508, -0.932577824700199, -0.5301496644635185, -0.6967444673147044, -1.1328397232706355, -0.8850779623465128, -0.24148635942241142, -1.1676860710230255, -1.93973533300012, -0.7086061521806972, -0.4280939820636344, -1.0555188252794276, -0.5054017524571084, -1.5901961712814598, -1.0290290260794928, -1.2662036885149952, -1.6801633401526392, -1.6916239083494777, -1.1758756692300936, -0.5907355673012389, -0.46340678373429867, -1.1803871586292083, -2.070513785142161, -0.7193989077755376, -0.48778040570851755, -2.423150237720755, -1.9474708292306497, -0.7019770981853062, -0.6116479752752396, -0.8948265317562083, -0.7021138310284452, -0.4482881619600516, -0.6336307869672932, -2.0114678114936697, -2.070779439617784, -0.48762101130054036, -1.8988843986794672, -1.3171513617756117, -1.6438060852876695, -0.5020157438880597, -0.5086841029928728, -1.0401435234270813, -0.7038648251474324, -0.600111432703303, -1.2546786194638018, -0.8886954164001186, -0.8026177289218659, -0.663656369739484, -1.4818882436939615, -0.6434958541893583, -1.4532162551717667, -1.3878710550377875, -0.8905684523108437, -0.9113991434898298, -0.6831234878005906, -0.6105568749642154, -0.49547842690253174, -3.9632685761362962, -1.0916408830192634, -2.038817838232304, -1.694835423535416, -0.9316436413828719, -1.8981514067195333, -0.6634398724034054, -0.6917569071874565, -0.4880359064824872]","[0.0, 0.0, 2.2244507939424576]","[10.0, 10.0, 0.0]","[0.0, 0.0, 0.0]","[3.06424281366598, 1.0339659548714613, 0.3903951156127607, 0.36003616261993227, 0.17341846112874315, 0.2677648252475783, 0.1604923739186755, 0.22845098414138915, 0.36850527626649177, 0.5492904335814678, 0.8354235047015631, 0.6079256430629737, 1.0217522310252019, 1.0504933712626634, 1.2665198040449028, 1.862131507599446, 1.7151393352068838, 1.4547777168411002, 0.19089718985192866, 0.25868136624895066, 2.040794291324064, 2.2392578019948255, 1.580353466479678, 0.9740093565653923, 2.543817935444209, 0.4316407060126539, 0.15317621361267142, 2.2055406478797415, 0.4520591730784403, 2.6532809708257057, 2.072754773672948, 0.4522046224906887, 0.5857380456148803, 2.802265353726059, 0.3685052716157556, 2.1883100834029685, 2.586270170562829, 0.6398208589009594, 2.451881377483919, 0.3685052727748791, 2.8566549815762823, 0.6798297265516314, 0.8118890434362273, 2.9327386207448307, 1.0122552354012524, 2.8148280201683114, 2.9978163065875467, 2.9625761139183777, 0.17787022774545566, 2.7527824700538894]"
15,-0.7520126712430014,0.18650626134808887,0.9385189325910903,-0.9385189325910903,"[-1.4576182105842155, -1.3061802130911657, -0.9370498466827728, -0.39101384995695687, -0.8638189196948711, -1.0235113103724507, -0.48660961365261324, -1.3538502605624851, -0.5183884031385918, -0.4351432760062251, -1.3921836617037935, -0.4536458492822609, -2.290759984828796, -1.1117634884561367, -0.7627771066873641, -0.4444380130618007, -1.0654725623499512, -1.5708531202032545, -0.5975224374274447, -0.8890266980805498, -0.7742877323595317, -1.0232147536886904, -2.523987134456874, -1.2347100940671774, -1.2952131941232696, -2.0448089012929755, -1.0895555943735218, -0.4774733379923929, -0.7148394040369206, -0.31052370086544945, -0.218177560850501, -0.809129316086407, -1.3835891234331104, -1.6962946966529466, -1.546961548494081, -0.3897325693051784, -1.2318760343707773, -1.551164107259212, -0.7148022113314763, -0.1494622933901194, -1.1587653649743679, -1.2069093872175367, -0.5294850429207097, -0.5478214677806851, -0.5295092878124525, -0.6118253568379491, -1.007143473370935, -0.715094048230581, -0.8792046591996523, -1.5131685709715297, -1.7497229113531176, -0.5492053420224432, -0.5549516931157115, -0.4326455905245142, -1.1803871583899495, -0.9012029593863485, -0.7139774664266394, -0.48266559672984743, -1.7408426890975843, -1.2088946301448003, -1.1679769688378885, -0.7423498105286382, -0.4152450545882579, -0.592114651376195, -0.4482882278199858, -0.3769232845717919, -1.0537391607760571, -1.981333040207302, -0.8812576098978666, -0.9369629940698503, -0.7244835094364874, -1.5805932965814453, -0.5150561728384527, -0.2718138189094796, -0.5487231193835659, -0.44272364889285853, -0.7214205954584714, -0.5249199429568894, -0.8312602577191333, -1.0006545302092131, -0.9007116071962201, -0.641311344517244, -0.6830723202988844, -0.9288532565514473, -0.8118961255794879, -0.9081687476350886, -0.7353554925284048, -0.5791153094737531, -0.5568994560035875, -0.22781978985506385, -3.59022773853129, -0.6979872503781642, -2.1111894227574814, -1.6267496641943004, -0.5796397628417754, -1.2505714179940686, -0.5579863665261978, -0.535089954425074, -0.4880367734089088]","[0.0, 0.2491597930197207, 0.2491597899768525]","[10.0, 10.0, 0.0]","[1.1202995884696204e-06, 1.3564707505714375e-06, 1.5441739236046732e-06]","[1.7320601342215063, 0.2271751477651517, 0.8884032609271834, 0.18096633922142188, 0.20184781725465634, 0.1742423703785478, 0.195953914528722, 0.17149425359864176, 0.5719764407682453, 0.8656314267393251, 1.1676092862520666, 0.7781421123529253, 1.503308841665174, 0.4802833070500301, 1.1001364829604479, 1.5917825458449568, 1.4674898386069652, 1.2604674430407121, 0.2545236225575138, 0.33500584241982523, 1.4084408566748865, 1.5288623082612798, 0.9225411257926597, 0.7066328003546272, 1.576970117600986, 0.1874580987768986, 0.41808511671043574, 1.2929571758849006, 0.30233929398768394, 1.6380930989710756, 1.2975925338845649, 0.18945372632700516, 0.2721451428144087, 1.6561972666770683, 0.5719764327543468, 1.5550461115063496, 1.5021904573120353, 0.20202195415577243, 1.5052051525358052, 0.5719764324015186, 1.6861547292239165, 0.20479568527599806, 0.21321735446730536, 1.6945133157441281, 0.3088916809276927, 1.6176621753817668, 1.713225694032842, 1.7099502093723018, 0.16983778488377868, 1.6620152177413812]"
16,-0.7092210624494847,0.18650626134808887,0.8957273237975736,-0.8957273237975736,"[-1.3109221130182585, -1.1296641801409544, -0.921033747039194, -0.4293553803437755, -0.8089460353407216, -0.9623464314707115, -0.4866131810513602, -1.348808240110233, -0.5187118092436731, -0.4351450310594908, -1.3359223555886188, -0.39823050070564253, -2.1126934310374654, -0.9997517340625954, -0.8578206377109054, -0.4444786560365909, -1.0649900982870484, -1.5065596726551524, -0.5709556231848514, -0.46749140167526526, -0.7743828923075786, -0.9710143868942982, -2.446493528975738, -1.240082390793519, -1.2784790046929329, -2.0233877824089737, -0.9430590398074468, -0.476649945839715, -0.7017270984358585, -0.2868807397573483, -0.17913334573439366, -0.7860127385033226, -1.2590175912332735, -1.7019154293931447, -1.5458020757617261, -0.4267188055347327, -1.2307556091469358, -1.148582150791516, -0.7053456499554386, -0.15042674924450058, -1.1047077718022946, -1.3732156802283924, -0.5297500036937712, -0.5995820463894432, -0.5037727631331707, -0.5941494389827376, -1.0071275112707585, -0.717270386163946, -0.879469717560718, -1.5131691703990358, -1.6817458603463358, -0.5062323875589849, -0.49763171795840727, -0.4643873775966065, -0.9611051178269903, -0.8012329500455779, -0.747827347372687, -0.4801552850727925, -1.6166805120648349, -1.208945885303224, -1.1679383378137842, -0.6909961997713215, -0.38276725915095133, -0.5966299368773978, -0.44828819373578893, -0.30687407896179897, -1.0534158832034974, -1.6231471106162068, -0.9116979682884707, -0.9369817266406038, -0.7420423461580274, -1.233244945347012, -0.45652327128720693, -0.2975775097630022, -0.5464325848893702, -0.4182350228895747, -0.7179998254074744, -0.5800234587367392, -0.8014127597848665, -1.0562657576440186, -0.8997811522807506, -0.6198486322298156, -0.659805244038799, -0.928460989450125, -0.7911168956845627, -0.9007744500849004, -0.6690441625680171, -0.5723271398040546, -0.5576497568477039, -0.22819145215113645, -3.2008487795704186, -0.6577189129877259, -1.8222242964544977, -1.6265584908538337, -0.5795893097624237, -1.2484600569307647, -0.5583458898935738, -0.5531661548926483, -0.4601329667612707]","[0.0, 0.25672650305954803, 0.0]","[10.0, 10.0, 0.0]","[0.0, 0.0024368196993830994, 0.0024368196696234047]","[4.1200802648763295, 1.4485536717602032, 0.6078467345875291, 0.580276568067762, 0.22517488904673394, 0.3446522528579796, 0.2075740572031098, 0.29873191010190087, 1.3432343482939602, 1.6993463584141724, 1.5798363511468898, 0.9712160084973542, 2.4179747313150988, 2.1222610111709366, 2.3122945865251965, 3.037230432536935, 2.6570435721601022, 2.1983956390918227, 0.5007323907106667, 0.9650618986163819, 3.0780438354396527, 3.1870986638844117, 2.8464260349032395, 1.9641377940858247, 3.5868105990446884, 0.6472862601001984, 0.3685380194034066, 3.3639292479293967, 0.9669468562330281, 3.6668744120359515, 3.1474528884496458, 0.6305286741236157, 1.1081844729856816, 3.851048097327578, 1.3432343373759568, 3.172051847414156, 3.6964086857531937, 0.9177016802132907, 3.509595759921635, 1.3432343465751226, 3.8938028223522587, 0.954090026269741, 1.148277352337571, 3.9849265233040243, 1.7064078527993987, 3.9004590166504696, 4.051788232499633, 4.009910965288555, 0.2397200676671908, 3.778573382664881]"
17,-0.6835219267872175,0.18650626134808887,0.8700281881353064,-0.8700281881353064,"[-1.294893911811943, -1.1256798839977245, -0.9216854501191643, -0.3533416224410416, -0.7065450043795277, -0.9115728004561032, -0.48652596763314393, -1.3438000692104533, -0.24882835655456337, -0.4351334048013501, -1.3359218465285843, -0.342862490972907, -2.1126936518141335, -0.998819175154241, -0.7722002447166882, -0.42969228231042866, -1.0829884048154095, -1.5065593234227945, -0.5669863711047041, -0.8891620898821572, -0.7743491377162365, -0.9843111677155232, -2.4464940170889564, -1.244722797698869, -1.2776332709312717, -1.9231239527544943, -0.9752896874715501, -0.4766354393696247, -0.7047698155621546, -0.2868765140976013, -0.21670689588616365, -0.8090621109066252, -1.26011736469912, -1.7061714799974494, -1.5458507066001577, -0.32268943165598674, -1.1886118553614105, -1.2152955079149832, -0.7053455876301274, -0.15041848613730752, -1.1011066544207668, -0.9747462231682651, -0.529750997916963, -0.5972693125014654, -0.5273310739880955, -0.6259085176908528, -1.006958037120352, -0.7172678746467498, -0.8794526100845443, -1.5580840919824805, -1.3135965898047315, -0.4404222532623361, -0.3851387003247301, -0.4643906105874613, -0.9820096366370176, -0.793059659662009, -0.6928506111248942, -0.48333254155172195, -1.6166815827913747, -1.2089447084634857, -1.1412564905058185, -0.7495105622017596, -0.3827667948133522, -0.5878833788144273, -0.37795424919797477, -0.21584896442179213, -1.053111155993055, -1.5703133979010928, -0.9183435210962085, -0.5484641255064462, -0.7420444341146677, -1.3078200317280309, -0.5279626872520411, -0.29933373957209636, -0.4069123520557243, -0.39302347287223943, -0.7166997618483046, -0.5189932784855364, -0.7350607665010314, -0.8659939477595552, -0.8036542168094603, -0.5496346423436456, -0.6311459904503022, -0.9288792967061468, -0.791093881499938, -0.917317669736949, -0.6506551751463203, -0.579133416066635, -0.5080378119831931, -0.22782019500757145, -3.057737788317491, -0.6585280965016593, -1.7837583244362156, -1.6265582003245203, -0.5796312838192305, -1.2484602757691914, -0.5587342814189956, -0.5063740966431813, -0.487669002720572]","[0.14881361976296573, 0.1804163948894868, 0.0]","[10.0, 10.0, 0.0]","[2.139223196170243e-06, 2.536474869113755e-06, 3.654400733839942e-07]","[1.6554114411449352, 0.15744579194681674, 0.6952272750895563, 0.13543858829059527, 0.1510939406009145, 0.12972755625546475, 0.14475219242697338, 0.12841083945317514, 0.5315754575345744, 0.8446421356158541, 1.0879101258164807, 0.6550201042750853, 1.5086124154369007, 0.35545911619093884, 1.0489727790609802, 1.5770251908138984, 1.4085656688892196, 1.1378854999494998, 0.21072562972926487, 0.28319188671952195, 1.3447890326234166, 1.427316405352691, 0.8008472422817449, 0.6241696290867906, 1.50636084222738, 0.14048286903018806, 0.3054478782209765, 1.1858912252841185, 0.23911483563643132, 1.5490028808283414, 1.2010647198344688, 0.1387768103984569, 0.20584827033955425, 1.5824431035073332, 0.5315754489559623, 1.4924208994061519, 1.4072373493108352, 0.14768707597913722, 1.4082614611723105, 0.5315754484508852, 1.6032311378585948, 0.1467818461902199, 0.1522701899611149, 1.6192813137114623, 0.21177407999548586, 1.531167932617585, 1.6372835735323175, 1.6302325838884506, 0.1285115737117321, 1.575942546774569]"
18,-0.6465766938194303,0.18650626134808887,0.8330829551675192,-0.8330829551675192,"[-1.3650209605393027, -1.0430267206843769, -0.8826426148838855, -0.39104153397476504, -0.7043687713740988, -0.8195776001312298, -0.27345837510163307, -1.3580542207262134, -0.5182310842084065, -0.4351226247865424, -1.3359225125366327, -0.24460984777129502, -2.112692037161069, -0.9985601358475038, -0.5589035087511907, -0.43931585048984817, -1.0654545658193721, -0.8920888541252467, -0.412346189152576, -0.7637898004738167, -0.7742961141578015, -0.9876901692379396, -2.4464930123568873, -1.2400827979123914, -1.278478067135669, -1.9237159076705637, -0.9430582918255873, -0.47662562952115184, -0.7053161501833384, -0.2868891033081077, -0.17452044814836842, -0.4094952478266842, -1.2046488527728683, -1.6964313802199404, -1.3757462646805272, -0.4035676153697077, -1.2313434647325607, -1.5758770078865743, -0.7114446514529317, -0.0945430975039104, -1.1011069659120811, -0.9479118295873198, -0.37939959521758393, -0.6026401712801042, -0.4785511179958992, -0.5462502994072851, -1.0067861976388894, -0.7168754181010097, -0.8794052875164433, -1.1728771036636845, -1.6061262804252179, -0.4058284828213914, -0.5400841832648744, -0.46439062222620114, -0.982009894902996, -0.823283539738509, -0.6928501518313781, -0.48778042613107175, -1.6166836340287811, -1.2088351895545928, -1.1630315789224293, -0.7366221630039231, -0.38261412370733394, -0.586510387396236, -0.44828824829896324, -0.12363130244683329, -0.6050361694246491, -1.488741681975403, -0.90724874482298, -0.4075315316238637, -0.5703063815039362, -1.30782018517406, -0.5309980055045579, -0.20502876849430623, -0.4069124513680944, -0.2806101132808704, -0.717945443655468, -0.5492703613756615, -0.6372909272613477, -1.0825500392888237, -0.8753223869562112, -0.5496363696294582, -0.6859331516271437, -0.9284591897712489, -0.1905590849079155, -0.9185456391657697, -0.6076023584437058, -0.578983165067166, -0.5580913090666968, -0.22819181438317337, -2.9100508511069574, -0.2447733950200086, -2.226940646865547, -1.626559254004235, -0.5689310056304347, -0.9867719469232461, -0.4075872039661001, -0.5420808941414347, -0.4880368126903829]","[0.4803014832583131, 0.0, 0.0]","[10.0, 10.0, 0.0]","[0.0, 0.0, 10.0]","[0.7002197381198978, 0.9223140531595408, 0.32918190893175864, 0.43913980524662544, 0.14858267864736582, 0.24893797915884344, 0.14616378791660173, 0.2289799759418389, 0.4630214488694653, 0.49301144321551305, 0.45880876721092523, 0.28390770863014236, 0.6103381135243542, 0.6525427143933101, 0.5443750589233383, 0.7081920860570492, 0.610892020835729, 0.4696586166626475, 0.24897912201214023, 0.44497569660505676, 0.612048307022404, 0.5927479964318306, 0.5166120620673539, 0.45913000295268164, 0.6556596785248868, 0.4422923320105498, 0.19525297500835367, 0.5623234950071097, 0.3790141904708291, 0.6487013467561802, 0.556773123112194, 0.4081449511785954, 0.5024957916946037, 0.6778768365478949, 0.4630214481700016, 0.6455205541852748, 0.6187169459091107, 0.5897295066496113, 0.6055520042303956, 0.4630214518425378, 0.674629786008679, 0.6073919088265024, 0.7307320474750707, 0.6890288814556217, 0.8098170710947099, 0.657211093937463, 0.6945733773687758, 0.6877903158796774, 0.16262040966931957, 0.6615003364754959]"
19,-0.4573131187680589,0.18650626134808887,0.6438193801161478,-0.6438193801161479,"[-1.365020824795345, -0.49775144513614533, -0.7081265443256799, -0.2784542460623505, -0.8656564964918854, -0.6421281393173075, -0.44813587601011196, -0.576350705209685, -0.5187291832131358, -0.33922722658807936, -0.99009148198516, -0.3487816859651509, -1.3733003009162839, -0.9986097027291798, -0.4671259239302189, -0.3394519556457093, -0.7735405405159623, -0.5663048996189426, -0.21123440326316967, -0.8783926196704133, -0.6998998603503119, -0.3409818751398339, -1.3544715793444793, -1.2400824289255925, -1.0181465915199175, -1.4822845270007743, -0.7167800320961228, -0.4766054497185782, -0.5618220583551239, -0.06794194506289863, -0.17467213375447832, -0.8084395296446969, -1.2267055014965826, -1.6962939211992105, -0.2902819580191185, -0.4340867093956004, -1.1709181338371284, -1.4465089644785243, -0.7054708395574256, -0.057014809790720766, -0.991385302417376, -0.3540422793323903, -0.5297500202046301, -0.5180773207430618, -0.5037798973780117, -0.511185731162523, -0.9890410518000237, -0.7168765167690208, -0.8793720252667347, -0.37184002879790556, -0.32083515542929586, -0.6144730224429531, -0.4621073344194251, -0.4643906279340022, -0.9404524899735198, -0.782255025759441, -0.6192270965669848, -0.4566024382830368, -0.6974612483221312, -0.5370642036741082, -1.166536169908182, -0.5986571768645663, -0.17739363982440426, -0.5684309855307849, -0.4482881730710197, -0.11770116223333082, -0.6574543402853994, -0.7640001811241901, -0.8040355588595438, -0.29003704037605593, -0.7231885944709378, -0.9778886556535913, -0.5242990575388062, -0.11275080431611528, -0.1680216773377825, -0.1895274844627393, -0.7166997717416621, -0.3883852494031639, -0.6823943010305565, -1.0114395915556864, -0.9380677627259679, -0.1959368960220873, -0.6441816414878738, -0.19101271980484102, -0.3199898896324034, -0.900632664366367, -0.215252764192708, -0.5506242570471304, -0.44041485799823693, -0.22769393025720475, -1.4876804486150483, -0.24477350150812238, -2.2292984379344873, -0.7072567431805337, -0.5319951377182326, -0.2722849918988288, -0.18696958783644835, -0.4628441298187091, -0.4880367871113025]","[1.4052890197580656, 1.4052890197580656, 1.9118511663701196]","[10.0, 10.0, 0.0]","[0.008086833042019048, 0.0, 0.0]","[3.7781784167019685, 1.2177617385364965, 0.21716682282573171, 0.38552001008465003, 0.14760185909675905, 0.26256373033127756, 0.13794743487563943, 0.21567007985764405, 0.46523849301199394, 0.578807275732, 0.6008164518889084, 0.4768427473583914, 0.8229694084424076, 1.6702005545689471, 1.4274369686879875, 1.6745295975780792, 1.5417938095130623, 1.378294968957048, 0.2084074243504921, 0.3777248323001378, 2.388647961100532, 2.444252704680664, 2.5708350081692104, 1.4558389289379952, 3.0588384146794794, 0.48077705685748984, 0.11378925994127034, 3.1849767905387183, 0.6306701132822484, 3.0875465221989824, 2.7943152457516436, 0.49719537934993685, 0.7998924389330153, 3.4133669003500966, 0.46523849015969876, 2.2733474647786363, 3.4786010318971368, 0.7383869581716388, 3.103922583235433, 0.4652384947269518, 3.422955025217604, 0.7793490770347092, 0.9484829163772139, 3.594444251602914, 1.3573971685340103, 3.630910388394116, 3.6852243762309733, 3.6025969850363797, 0.1615305653583052, 3.250073752027207]"
20,-0.38147005661569044,0.18650626134808887,0.5679763179637793,-0.5679763179637793,"[-0.46574716984199815, -0.874804999012845, -0.8841952603467964, -0.41733537753224725, -0.7215250885718774, -0.28794323712571535, -0.2854653585850615, -0.9650673847671418, -0.21790107701285777, -0.4351450743155163, -1.1098166641179774, -0.16810474259927954, -1.3466244339028357, -0.33160632676641155, -0.4764181229294212, -0.3216727540113735, -0.5427787046422469, -0.9006758734902478, -0.2112341103351396, -0.8045166033096213, -0.17038188486384043, -0.3410001202467705, -1.3768898795398359, -0.9688824748355505, -0.5306054445748785, -1.050255362062775, -0.6638678952958443, -0.47663205331462044, -0.2436322796598055, -0.13435204962495234, -0.0994486280787017, -0.2557915077488089, -0.5342116946829352, -1.3098320729106396, -1.1696950714463163, -0.3579429078313773, -1.1780935450521066, -1.1532799666889317, -0.6350261868358144, -0.05176860724349372, -0.3956395316913164, -0.3525163021508311, -0.5297500300623424, -0.1624044678508475, -0.39036263877174715, -0.3177855886544305, -0.992773182614449, -0.17056648015392484, -0.49905634859347225, -1.2105206648870617, -1.6042009148532081, -0.43478863588575045, -0.4621073360694219, -0.4643906157578251, -0.4484690893008849, -0.7973870423419191, -0.5860379450968493, -0.40994260841275004, -0.6974624420939868, -1.1605941533375634, -1.004699083821066, -0.2961932724963998, -0.22676945926199843, -0.3579672497058721, -0.3787037792606833, -0.11481181896964887, -0.44784564503530433, -0.7640001789032063, -0.8067055418276218, -0.2732135152942521, -0.30312127380221165, -0.5977040884351057, -0.502020227889731, -0.07243177858790656, -0.16802125557127479, -0.14722200163806087, -0.6988420028959694, -0.4374005088205488, -0.4982733748968169, -0.81831862109964, -0.7813567132391499, -0.20301885896777083, -0.5033025707268958, -0.19100951176991976, -0.21996299972852007, -0.5600878100376839, -0.5697920861821556, -0.5143681998384491, -0.4622561446744638, -0.08324970083310207, -2.0050482664374236, -0.2447735095497796, -0.8034666361276173, -1.0755523942802503, -0.5755090608194182, -0.8327311091933631, -0.18696937979877326, -0.4579749791288106, -0.4880368545320606]","[0.0, 1.274736783634781, 1.9408918688996541]","[10.0, 10.0, 0.0]","[0.02642191482532833, 0.0, 0.0]","[2.1305650231435607, 0.27662144197181326, 0.8450504248614746, 0.20782645199148736, 0.2298815885946749, 0.20889305830323857, 0.21601838063372134, 0.20001866216228187, 0.7626624062772644, 0.9986539272880831, 1.1420122853766486, 0.8980579172019039, 1.315854816205913, 0.756865339174117, 1.4603534758499939, 1.7541398477658603, 1.6681588072513103, 1.508887596297095, 0.339336120937596, 0.48716022991444935, 1.8065212408714633, 1.8618095559931485, 1.448745672300229, 1.1552083787609249, 1.9797702349482573, 0.24454579490190714, 0.4130072144233966, 1.8114964223395165, 0.50400949400303, 2.00631604902931, 1.7804750731221706, 0.23530880908607615, 0.4290034577780771, 2.0577800880112704, 0.762662398780572, 1.8615919883222742, 1.973725278641723, 0.2606131833248821, 1.9361913621885736, 0.7626624007666463, 2.0698907994917715, 0.25450081564150706, 0.26865289321213465, 2.094769211368343, 0.42136644433763676, 2.0548603368710894, 2.1126639854043194, 2.101349550525072, 0.2043770296294505, 2.037964141368505]"
21,-0.2656222045367556,0.18650626134808887,0.45212846588484445,-0.45212846588484457,"[-0.6181103815101685, -0.6688813293544056, -0.224028736309696, -0.3910344937530601, -0.47688391088589, -0.2879444773843267, -0.42590649287137194, -0.6534094742253688, -0.43876141879710306, -0.1654743490103367, -0.4736638236249324, -0.3399271079850221, -0.9249130241259604, -0.33160639002441905, -0.6337899459175109, -0.13257074318679452, -0.43086844814510394, -0.9001775156841494, -0.21123440326265241, -0.7914712679689246, -0.1763846716656129, -0.5610178489897102, -1.1913881901691115, -0.9004190038615623, -0.5304585051651887, -0.5052633860407054, -0.36018564987028, -0.4110733065831872, -0.6445845220643622, -0.1361187538328944, -0.14106537148611997, -0.3119282896042974, -0.5571758101753668, -0.6150782798036531, -0.23183736431820634, -0.31935522277696937, -0.4688049766359985, -0.37781547087620293, -0.45110122597549895, -0.05155375570232301, -0.4421328098643724, -1.1923545728872598, -0.3545528127979263, -0.17076293920460428, -0.15178718584129536, -0.2771106229007778, -1.0074843873829555, -0.17056675562048063, -0.8793994981430415, -0.4248134873607332, -0.5215635986435521, -0.4826724827843125, -0.10553866547858348, -0.2554581857112477, -0.5722206313161353, -0.8010423412362182, -0.3305870470638137, -0.4099403191434325, -0.6974614396605252, -1.2089400227152047, -0.27420685770873954, -0.2961924810493075, -0.38259581225035855, -0.4316664035173199, -0.18321521480001057, -0.25038775325510965, -0.13907051866157527, -0.7640001811242882, -0.17696478502846325, -0.9356779107078033, -0.13706723922384878, -0.7828827026488119, -0.18843487406342901, -0.10406274230152135, -0.16802160389043097, -0.286398047487719, -0.3188671730527388, -0.10620099218352719, -0.5054863675026997, -0.2781484574921176, -0.19775948103554142, -0.4781786338928683, -0.19658924991123672, -0.1910093606254435, -0.7796770676579259, -0.42540032659003213, -0.662661786601093, -0.5791362430229015, -0.5025630118484614, -0.04818143152738441, -1.2513392413242235, -0.6150321885349737, -0.8838663964236035, -0.6170432607866445, -0.5784917765201567, -0.5391098058833896, -0.18696964310834074, -0.08886622263439303, -0.3096377313402572]","[0.0, 0.10199205783701557, 0.10199205659143615]","[10.0, 10.0, 0.0]","[0.0, 0.0, 0.0]","[5.217746861819355, 1.3423454151930059, 0.26767556460794883, 0.45215028929788076, 0.14302801283561772, 0.2685438308701057, 0.13360269154486876, 0.22362742648711956, 0.7293016481073324, 0.8658162296380766, 0.6931485083781987, 0.5063423658449524, 1.1407547508119407, 2.1559379283821465, 1.6272243602682213, 1.945680920576804, 1.719057230852429, 1.5952847505606282, 0.280754291827783, 0.5808870565935111, 2.824715504405381, 3.064635583015079, 3.5648742186542517, 1.7815023455590695, 3.8768151580494434, 0.5272985772827856, 0.1677383735169497, 4.404738896713226, 0.7483121612563886, 4.05714075243593, 3.637254836506977, 0.5294242839558418, 0.9360053045189778, 4.509656580711471, 0.7293016438800132, 2.6538317126413626, 4.79533474953653, 0.802347257952063, 4.1284152461496, 0.7293016519511005, 4.608187205000821, 0.844359582940116, 1.036659408296454, 4.853825163588947, 1.6026879308633062, 5.0048461791629935, 5.031771124186635, 4.913071163282299, 0.16524764226119296, 4.321224327128826]"
22,-0.08285236056558262,0.18650626134808887,0.2693586219136715,-0.26935862191367155,"[-0.13005589592633893, -0.38731539000150206, -0.15931725393947382, -0.38718481348140377, -0.4712378627795264, -0.3675608870856455, -0.14339453845831895, -0.0821860896973754, -0.23215761344178965, -0.43514509143269064, -0.4736658372967666, -0.046601164702862796, -0.7715047146118046, -0.09468120306932049, -0.19599430296361386, -0.18121900692555826, -0.48101769914555925, -0.5351698459987477, -0.126357475142434, -0.8809126123393436, -0.02668723436406273, -0.3301785454909991, -1.1913866220300067, -0.28248921653810655, -0.4206043753208091, -0.4534770049207342, -0.8814818391835713, -0.47643826945752554, -0.398023939137264, -0.07411403768416452, -0.053414332087510175, -0.03658128828863427, -0.16996390263636396, -0.13012701126229054, -0.19689451009447856, -0.26548878021587097, -0.11711534801257462, -0.3778383777621661, -0.475909658826412, -0.04461336791564832, -0.4120785464236658, -0.28500635089032533, -0.05986348825945187, -0.05142480746030542, -0.12568660821926253, -0.3757346356835474, -0.8872953023167047, -0.19858867006433145, -0.1705290553198382, -0.2111963361557061, -0.29948132173554054, -0.12478348260268746, -0.0263510053382372, -0.12787391696255118, -0.5695473851182917, -0.056384485919261706, -0.33058753782815054, -0.2475163100379431, -0.67172773250607, -0.29383408327033445, -0.1148400375777392, -0.11182504684595207, -0.09887726630312277, -0.2187900712608397, -0.3779474244183733, -0.09313833947064554, -0.26446920589344025, -0.24209954591003413, -0.20486112260435746, -0.19728028020504662, -0.1888605713082101, -0.3039631718868747, -0.2894383226000946, -0.061830329948550644, -0.12768326966556964, -0.08167643463318625, -0.11337111395356902, -0.061546771567487335, -0.2393175468434574, -0.2360589215018991, -0.06860305319405913, -0.13587148512359581, -0.15304172537076616, -0.16090364253825307, -0.2793839964086523, -0.17824743952999644, -0.11948822294812966, -0.10662722030211957, -0.13586999380670495, -0.00823925392253333, -0.36944323306270554, -0.15438652924685514, -0.3735206160294702, -0.7160868117243648, -0.5796074584135162, -0.15523590399184195, -0.35495644660181025, -0.15498659835620687, -0.3231311227019669]","[0.173263347696653, 0.0, 0.0]","[10.0, 10.0, 0.0]","[0.0, 0.0, 0.0]","[2.9802127869805606, 1.1040473706664966, 0.39829466882520703, 0.45190390712519996, 0.16619594098962157, 0.27053533853552725, 0.15768448069929858, 0.23957451216335687, 0.6338181923238226, 0.9811664490732597, 1.1296008790761698, 0.605085135798177, 2.0486601609193964, 1.1793466233835455, 1.2828058277856191, 2.198156039487274, 1.8737669609628156, 1.4750996287803462, 0.2927784582699059, 0.47849757802379045, 1.9538371003267556, 2.2299507520059545, 1.5113346460710537, 0.9193241300926331, 2.44117694740687, 0.4766785611488078, 0.2863940121725498, 2.045284376971868, 0.5123653690530067, 2.6105141328102954, 1.9206935967719025, 0.4697965665037412, 0.6565480061038979, 2.7048808622604557, 0.6338181850854602, 2.2076888999154374, 2.45068371749593, 0.6795554551893914, 2.366552000889255, 0.6338181863228879, 2.7942606512990467, 0.7151318423719761, 0.8616757921364515, 2.841052640372401, 1.1246030587051847, 2.7058502737077985, 2.909686354025054, 2.889317850111599, 0.18350642819970678, 2.7006326260763753]"
23,-0.01720920603528389,0.18650626134808887,0.20371546738337276,-0.20371546738337284,"[-0.2217637474828068, -0.1575289665300308, -0.2872639468551492, -0.12832242163271723, -0.3246988033510474, -0.12339886498050157, -0.14339244793342687, -0.7499453918132519, -0.5179485466359905, -0.16546505511971193, -0.11782067080890535, -0.09568175103712317, -0.3044551767148196, -0.28592451503399574, -0.19599413131520882, -0.07492926557155322, -0.1884249954753282, -0.34583646509510646, -0.07286716226781687, -0.8707268895911973, -0.17638439031487652, -0.18304994467737246, -0.41456433775500656, -0.031971297974583646, -0.3362175990465084, -0.04859682175026592, -0.8833448650396263, -0.4222347915322826, -0.07720248499751792, -0.13608568213374284, -0.0634707004378745, -0.13712776385667724, -0.31087700208699154, -0.17520728424666165, -0.13118152625183388, -0.08575853403022982, -0.03038792114083355, -0.46206002902622756, -0.15563255205110704, -0.07669880629251277, -0.2161470489265095, -0.21852113827877917, -0.5297499769482422, -0.14519483679979373, -0.10552042138901296, -0.06032711658229295, -0.06091421659000784, -0.7172872850130456, -0.1801487306527536, -0.3458896895828807, -0.32666466014476647, -0.006952170111103051, -0.12211343915755879, -0.3910322035445606, -0.19574822533115666, -0.2349972432913514, -0.1575347900139921, -0.08068433456563195, -0.23029384902798888, -0.04051790989749149, -0.20562927197103886, -0.47179299371108696, -0.09887736850673745, -0.11778698118350017, -0.37795427410797633, -0.09313829818306218, -0.046184343399512606, -0.28202305903353153, -0.17893766519054533, -0.19697097708451494, -0.031830977012387685, -0.1883256642457658, -0.21977019542512255, -0.06183032172562489, -0.046536041394250605, -0.07065268979120282, -0.18592764606511347, -0.14362216598534583, -0.25418199073532555, -0.10647186390233931, -0.1570149229558644, -0.0601374453346728, -0.16483213384577222, -0.17950172736129633, -0.16443159015326808, -0.061830325055612256, -0.12105701202503749, -0.13379387788787145, -0.22147169000013922, -0.06089165712192421, -0.3694548867542844, -0.07792808625221448, -0.1305188559360495, -0.17018287563153267, -0.014526955699806443, -0.06448945409967521, -0.05189333009795638, -0.09665250372601741, -0.41209431662359264]","[0.0, 0.0, 0.5816727751102775]","[10.0, 10.0, 0.0]","[0.0, 0.0, 0.0]","[2.110614183221566, 0.30028797652711947, 1.3941840750175791, 0.2960286152486478, 0.31990433436882454, 0.2854824696735345, 0.312671811364763, 0.28514739673511674, 0.7323834510711695, 1.1270456854645454, 1.654105926043364, 1.1092497139038429, 2.0729418616496478, 0.4091635049956491, 1.3710443731736783, 2.1106110378396985, 1.9535532975328425, 1.6640316593853852, 0.3753373235872803, 0.45375513349219027, 1.737133667750745, 1.9293871397290527, 0.9084563618471315, 0.7692824611678454, 1.9330593876565059, 0.29542416235971136, 0.6025961296299727, 1.4425735400303235, 0.368539077491621, 2.02884220739605, 1.5028636224708662, 0.2903757406058677, 0.32899064673808515, 2.0240908909461637, 0.7323834409061092, 1.9926521327695603, 1.7583691930879222, 0.29587932357891805, 1.8056500586543784, 0.7323834393586661, 2.0710962686965884, 0.29451452852320925, 0.29750859775173744, 2.0678694550645544, 0.3184037825116997, 1.9348094633587412, 2.089191459700286, 2.0916823854957785, 0.2741413693957437, 2.0499871006420918]"
24,-0.006877269427312696,0.18650626134808887,0.19338353077540157,-0.19338353077540166,"[-0.35649249987838794, -0.15752892543599772, -0.07380781719509644, -0.11905973715822027, -0.0905964217644577, -0.07736937323300674, -0.14210142426199168, -0.0821865409551421, -0.1465534964208376, -0.36489884908892617, -0.15596060190132466, -0.010533436622879533, -0.30446874083922726, -0.3378162855542133, -0.18515156494850515, -0.07412101151953099, -0.10331285197985007, -0.6692828848828443, -0.06863842332151365, -0.039649598745889136, -0.1614223618887004, -0.6289839267657679, -1.1307180661697287, -0.2804454103392924, -0.09475539522604182, -0.06109613579681916, -0.10419202809188377, -0.3623607949032736, -0.07720088883923071, -0.049539735001929985, -0.0133545156496363, -0.036590881733612024, -0.7014698417503381, -0.1578086364139928, -0.17673306535811362, -0.10197671237201522, -0.1470484377630794, -0.42290433858395104, -0.04403979320759399, -0.007800437785294455, -0.12187150343726749, -0.09833239877661604, -0.36615020953614075, -0.14975098468284465, -0.14795708311574252, -0.44016537541606326, -0.2672522416744305, -0.1387066696053983, -0.14276321230028088, -0.09944645389882067, -0.06870175192125227, -0.12461129772648105, -0.4175752794455782, -0.3910321631442518, -0.5284793785460473, -0.05023491734648733, -0.10762505125485688, -0.012865056744453374, -0.23029385759735277, -0.04051802465426668, -0.3754384127886603, -0.11182486240782952, -0.275347062105803, -0.014077731208784527, -0.3779542554200666, -0.004234411381822234, -0.2640153327028232, -0.28353236700750517, -0.08822455327104106, -0.2835457541867261, -0.13730796128185485, -0.18832494702275326, -0.24244740511908297, -0.06090727424967721, -0.08818827975362123, -0.11766047244352112, -0.12529285522171518, -0.1540290349778054, -0.10590122799888668, -0.05561365919040284, -0.4317186485107962, -0.13216456468016247, -0.060402965257636776, -0.11463102833884276, -0.1691628595965065, -0.07938128576440096, -0.10257167799341427, -0.0643387995856288, -0.10057907653383252, -0.06477719675238558, -0.36942937149671806, -0.20645748577193934, -0.32346398781696717, -0.23820163801001404, -0.020721079598529535, -0.4399635475555208, -0.05209968216157024, -0.1446377409260977, -0.41209425050064563]","[0.0, 0.18265095743508242, 0.7764290697541333]","[10.0, 10.0, 0.0]","[0.0, 8.035521979735313e-07, 8.035521881597116e-07]","[1.277593322633225, 1.088351079135188, 0.7311362757980946, 0.5720875279689823, 0.27914378211445795, 0.39291145930858673, 0.27483388357090915, 0.3643937451481546, 0.6340424604946945, 0.7511431277781234, 0.8473142703820006, 0.6337553795622703, 1.0466624451686892, 0.9176829894866444, 0.9042230827741045, 1.1257112344859912, 1.0618315060973689, 0.959145708790855, 0.39320084285678925, 0.5649556254052026, 1.0843904255346872, 1.1402523947806842, 0.943426268848282, 0.7817417153223213, 1.1848128578957453, 0.5968259470896818, 0.42526060673363825, 1.0811638294829082, 0.5859653040749531, 1.2140605556630384, 1.0615157039156535, 0.5760378002065472, 0.7037107719295785, 1.232192740075492, 0.6340424576646981, 1.1407221008309976, 1.1724954783685337, 0.7602990324591697, 1.1584723610773449, 0.6340424595612743, 1.2465521604025775, 0.7828119550260939, 0.9023875282517942, 1.2551217884716215, 1.0074416922974183, 1.2248477768180288, 1.2663209623422844, 1.2626418360845837, 0.2869881015845704, 1.2302318068059703]"
25,0.08865097358812808,0.18650626134808887,0.09785528775996079,-0.09785528775996086,"[-0.1300548978120415, -0.1575346906794124, -0.05971508453743679, -0.005812414715382186, -0.0905958778988607, -0.07737864305292685, -0.015021070048611751, -0.2607764603813796, -0.13947221107296615, -0.07760284327998501, -0.11782282056049365, -0.013254461384061278, -0.3044438428366134, -0.09468114943498662, -0.1800390286078477, -0.009166152253340387, -0.10331134766645844, -0.24735301848261648, -0.07261484479808133, -0.039650903756800915, -0.15717253219763372, -0.09502644800831872, -0.41455373812100715, -0.024879998073701337, -0.09419348678087269, -0.048594097226751565, -0.10417365153576008, -0.026611050216307497, -0.07720086784557001, -0.015801218018063112, -0.01269136172050922, -0.09157454482750299, -0.31005303540407525, -0.023399331727831818, -0.05341738306362087, -0.010456779066088107, -0.017515872084784778, -0.06615449482128355, -0.01806629073872612, -0.004617601548802364, -0.14159243077513706, -0.10622057540471952, -0.021653358231422892, -0.13149743378506862, -0.07811872600857328, -0.06041940114390065, -0.029163488904889068, -0.045543418303396255, -0.041657592271463706, -0.09944666006935199, -0.2569534613622202, -0.0045316646950879225, -0.15990743820328668, -0.3910322701947981, -0.14146009518601743, -0.01845871136853372, -0.10747964401296484, -0.1587127418016971, -0.23029558975460374, -0.040517819836690006, -0.030122544555972297, -0.11182631976229507, -0.02327150508094289, -0.02475940587701153, -0.29789265411030996, -0.004235126076697515, -0.021709755911273998, -0.28372464372493544, -0.08869935477875734, -0.16555119477253166, -0.031830156287733224, -0.18832978070572937, -0.037137639337391004, -0.058025446675205344, -0.04653582204257156, -0.06971479474156078, -0.10982032249547846, -0.01366672392962176, -0.10590400523182186, -0.055614740331989765, -0.05087254709102407, -0.12968410502996086, -0.0796104144101315, -0.10310312518128395, -0.058061391019377906, -0.0618306822092487, -0.06495991265102652, -0.05880329637218917, -0.03439889973301602, -0.010998896642828604, -0.36943342822318037, -0.07792781210887556, -0.130517973444797, -0.1595733143164133, -0.01845819129941728, -0.0644885764105898, -0.05189456151218097, -0.020947016541696506, -0.24661934000771596]","[0.0, 0.044184476680893196, 0.04418447614128966]","[10.0, 10.0, 0.0]","[0.0, 0.0, 0.0]","[2.9075048595002837, 1.207722556587825, 0.293948043264846, 0.4747139724866586, 0.14022018383829735, 0.2608457949199913, 0.13570677531411812, 0.22880811964601241, 0.9020202012669869, 1.127250103812354, 0.784197822047286, 0.3847146611871256, 1.273700020141124, 1.5527604917050593, 1.508308360267752, 2.0803470263238237, 1.5548972802028402, 1.0314761138240616, 0.3175764001156939, 0.6715860052047355, 2.0227276605475737, 1.8220323673184147, 2.074331081885335, 1.2449407230485574, 2.4209527390619874, 0.512063609968685, 0.19101308473911693, 2.4342352402686442, 0.6229427422108593, 2.330004469397712, 2.1263635886555496, 0.48716596282218916, 0.7891118322267741, 2.6522399396798906, 0.902020194031546, 1.9607637554860784, 2.645628918056998, 0.7362090072967706, 2.3282756843203436, 0.9020202027432422, 2.6060515009841736, 0.764821368322286, 0.9383741179176377, 2.7766566360848253, 1.3256972137634406, 2.7721707827323443, 2.8407152617782043, 2.7572979766072967, 0.16244428927442311, 2.462756340152005]"
26,0.13048978674220268,0.18650626134808887,0.056016474605886185,-0.056016474605886254,"[-0.03101916516154679, -0.09871676742611779, -0.015969887681010597, -0.0011970786296315872, -0.028695600642135943, -0.020449833252822458, -0.004308683330765506, -0.13121406872147423, -0.004161245658639512, -0.36489884117874066, -0.15583250861116094, -0.0031391586226534596, -0.08012827175132209, -0.024363094610454716, -0.0046224429221979335, -0.0019569587074281802, -0.02742077148257671, -0.12981649305028542, -0.06839888572498931, -0.010414539457635152, -0.003811869492776232, -0.07694468644785957, -0.1175034574510101, -0.007278655298200487, -0.02540404012368791, -0.03565885099931965, -0.3316704430882831, -0.05919638867866439, -0.050963082095009105, -0.04047816047147368, -0.03666844547120407, -0.008336689086414495, -0.11117075220322326, -0.00524240803874676, -0.037941237605496614, -0.01960565659848168, -0.005204156932685056, -0.015319378381354554, -0.005260219811571432, -0.001308306842801088, -0.030753715059369746, -0.08310969263255163, -0.0060999510298318516, -0.008670056985565777, -0.008836224773007606, -0.03634916111121833, -0.05610108949128234, -0.017262867261306436, -0.010905173011989344, -0.02643524156168331, -0.09921916760785221, -0.0027502455057373254, -0.007271631518832589, -0.02023247975253817, -0.10305204347960739, -0.28350357285371297, -0.10590129677550308, -0.0032939976723356246, -0.18330600671402175, -0.008922695688941662, -0.207029798809649, -0.03225471420569459, -0.005969994877608187, -0.01704160932417098, -0.3779542765633924, -0.0012623381033169956, -0.023189189050556447, -0.12984873726009472, -0.006947987879182271, -0.051313539941167274, -0.0069078305053209554, -0.12566581580866787, -0.008852548617262035, -0.002510830208634851, -0.012165434518100149, -0.011798889833723236, -0.003177209384942259, -0.012716043823486789, -0.062110164951097335, -0.01724063147784549, -0.011790210182297534, -0.02554381700033659, -0.027627777125647235, -0.024055598208998275, -0.022859551006773504, -0.016029285713373698, -0.08805770872046703, -0.009140962580098777, -0.009162057383627298, -0.0018651841495873622, -0.23540583370217139, -0.020209115183398296, -0.07385132743616918, -0.03911039510946557, -0.018482456917704226, -0.018305789978220854, -0.0410991325303135, -0.031315448837532234, -0.4120942568438997]","[0.0, 2.383497929493712, 10.0]","[10.0, 10.0, 0.0]","[0.0, 0.0, 0.0]","[4.423364271902956, 1.3420686729262878, 0.360678831593266, 0.5305872783926442, 0.1658379304334867, 0.29123573855111257, 0.1571785158184366, 0.2539580227470152, 1.251180580516425, 1.6389824475318817, 1.1882179248055038, 0.6086022256226944, 2.2321629703706387, 1.9945378672293073, 2.179421440697602, 3.0271859137207984, 2.3405175244425527, 1.6872804244086959, 0.40281417942596054, 0.8634230063502049, 2.9986754132964895, 2.906805227036392, 2.927453212535131, 1.7488695738303286, 3.642094981833661, 0.5710166046853448, 0.23679773582522567, 3.554872453937963, 0.792509363462139, 3.636553208382165, 3.150130620657626, 0.5483152798961569, 0.9541697778544368, 4.014646492003796, 1.2511805684308261, 2.980472848492146, 3.9356017015597655, 0.8217538721019363, 3.54710116060431, 1.2511805798652027, 4.017912932477092, 0.8556338036203012, 1.045406449519855, 4.21422355128679, 1.5659294485776813, 4.168962465611913, 4.316712387390619, 4.222716378357536, 0.18758414103337162, 3.8212047898704253]"
27,0.12909822208059976,0.18650626134808887,0.05740803926748911,-0.05740803926748919,"[-0.031015103242621134, -0.04054397025266798, -0.3990808899985222, -0.11401853061250766, -0.10161902053458871, -0.316317850927343, -0.004519319729396232, -0.04912234398100379, -0.007608911421279396, -0.29030523308223344, -0.030911755867335966, -0.007836650283208124, -0.08012910409080298, -0.02436346075030915, -0.18003837345634754, -0.003410093145474802, -0.18472663916728127, -0.32150660552424926, -0.06863810355391287, -0.009416874795430186, -0.003809659424684364, -0.023147275739345385, -0.11748979683315719, -0.010690035809898468, -0.09475418633817334, -0.01026742551400961, -0.3307803394146822, -0.01731713873504459, -0.02163886057663489, -0.030431228567526003, -0.0037088722972458132, -0.12705380001872657, -0.04382102616408545, -0.00403391668624975, -0.01163678189667916, -0.09557435124262925, -0.003623951926595481, -0.01527582377266512, -0.022857329311648078, -0.0013085730736385748, -0.194775914178703, -0.0593814895237168, -0.011335320340278843, -0.008670502419925619, -0.03171823194120571, -0.02239293489802774, -0.0065238465891135355, -0.018487068025137443, -0.019052651909072127, -0.07014573650981415, -0.014992247900313949, -0.0022172322238080966, -0.0949682838399058, -0.007320754776343419, -0.2387136047747051, -0.005518825682791828, -0.028546098107310236, -0.0032935913502274428, -0.17148675982384143, -0.011411816890836146, -0.20611759211175062, -0.03225363711184581, -0.0059707584610104725, -0.003008298281794275, -0.005795262033442494, -0.0008741587646441396, -0.0045072744540379794, -0.06222641274186769, -0.017328104708987713, -0.004997174717711772, -0.00690907057958956, -0.048316254842253326, -0.027187268191972258, -0.002510904573057693, -0.07582036450717677, -0.01179565872345123, -0.0031766702227855603, -0.0025794923156250427, -0.027664082301183557, -0.012995938933638485, -0.019517170841718112, -0.009792564366866596, -0.015967975950216262, -0.013960783701390644, -0.022860018294303952, -0.25367774794474895, -0.01746752181103961, -0.008988109999116478, -0.008041298192823731, -0.0018641620588117913, -0.13060425856273383, -0.02020822668492883, -0.24749818097234888, -0.03910324803291765, -0.0043766039062378415, -0.014120211664947924, -0.01207004683217816, -0.005937950952797921, -3.308668565016326e-06]","[0.0, 10.0, 0.8486152456902618]","[10.0, 10.0, 0.0]","[0.0, 0.0, 0.0]","[1.1775700709365735, 0.014428690308584737, 0.14664820210315113, 0.0114626030171688, 0.017428877991273774, 0.011671396015620793, 0.015625624731019867, 0.011249772474359584, 0.06873227895161037, 0.138800415232709, 0.3052459176065926, 0.15327037282985792, 0.5261165156895153, 0.060400495586398234, 0.3092329238614525, 0.7021503775829142, 0.5923032645287631, 0.43545570019643065, 0.02184362635137958, 0.030242101807666746, 0.6111306846427619, 0.7557921313034306, 0.28644977022104434, 0.15565222880097782, 0.8638947605094343, 0.012823587900770385, 0.03437708858614098, 0.5960871107319846, 0.03188324461968367, 0.9548302100965628, 0.5668193056615921, 0.012712619405762958, 0.023967211912211742, 1.0127710115741495, 0.06873227745970031, 0.751294713133771, 0.8319686556629868, 0.013571497856336052, 0.7948803076331914, 0.06873227743369509, 1.0616686528454675, 0.013482536599463964, 0.013987447325776102, 1.0930649602892064, 0.023505853366994345, 0.9910735215933925, 1.134431167310632, 1.1199074343250732, 0.012836167313383388, 1.0063046359278447]"
28,0.13479631547541215,0.18650626134808887,0.051709945872676716,-0.0517099458726768,"[-0.031021749306920476, -0.04055001542447956, -0.013885929911325423, -0.0011957314650952178, -0.022841870320727375, -0.053639157687450645, -0.0032401314688694782, -0.16728958122844806, -0.03035675830820561, -0.06088617731132104, -0.15584850371455428, -0.0021720736737522728, -0.08012992655692042, -0.2012918857072551, -0.0033796298171564487, -0.0019548156498137015, -0.02741067360245042, -0.12979185588806352, -0.0691449457712065, -0.009411981508952172, -0.012788891814335512, -0.024300719035430074, -0.17628685995021276, -0.005241860429528344, -0.09477968816771165, -0.010267970244265179, -0.3307805988194803, -0.006274875983686812, -0.021637002411687867, -0.0072093569917373035, -0.0028136246803299736, -0.008336981541851918, -0.11117085296206719, -0.003626842908643013, -0.01164011893383643, -0.004151274469637034, -0.17157120174389728, -0.09744707231859895, -0.16688095341282905, -0.0022733170197370978, -0.10341775213158, -0.07380055686858, -0.0047603307853096855, -0.04392473170135891, -0.00877749734448341, -0.013333653654953759, -0.008607496875616683, -0.07045430696719035, -0.14554380300569902, -0.05117304238040177, -0.06272213268102433, -0.002749495611319208, -0.005931010286999605, -0.007320337925901255, -0.03637773805255495, -0.0037913203290482755, -0.028542111741588716, -2.962791974758794e-06, -0.060867395676911684, -0.2718423069985686, -0.008553836957662764, -0.07715434254595843, -0.0044935420797729275, -0.003009050248391265, -0.12476729085850569, -0.0845983092449959, -0.024835597747483895, -0.2835228898176865, -0.005227824274587123, -0.0049973579216566755, -0.0069080828937049255, -0.12566290517211565, -0.008850293063066395, -0.00530996644522852, -0.012167287779923708, -0.05219831139782927, -0.0031755215888038535, -0.0025793155524000966, -0.26406802258660655, -0.01299555641475747, -0.011787954477882945, -0.02554943142349453, -0.015953788731090324, -0.01638318866608124, -0.012413827032098812, -0.014837277981447183, -0.017463787897377125, -0.010900199997536886, -0.008042382220852629, -0.0013359735260589645, -0.09097619339978547, -0.02020870908918826, -0.03057515120595866, -0.11942346523699854, -0.01080854920591201, -0.19556852696401705, -0.012068362697007395, -0.004578164745218549, -0.006470960332321862]","[0.0, 0.0, 0.2119949722250774]","[10.0, 10.0, 0.0]","[0.0, 0.0, 0.0]","[1.619009519944766, 0.04716732181862326, 0.5405017296522138, 0.04843464843198171, 0.06827285698860115, 0.046458035955493415, 0.06452485153574707, 0.04660518521509139, 0.25443190674338173, 0.5470484983889559, 0.9752806650130291, 0.4606789286800813, 1.6642220347247363, 0.08018175028046945, 0.7267658807129606, 1.667547121315485, 1.3784592607879924, 0.96975701964592, 0.0833239370838878, 0.10412446866667341, 1.108636710802764, 1.3220550802489963, 0.3304302707324877, 0.25359326086077383, 1.3584096602007016, 0.04754820927582266, 0.17731748991880283, 0.7639280447885474, 0.07223361883787635, 1.478628928808062, 0.8284886205608304, 0.04691549924587256, 0.056895594004944275, 1.4875639653484345, 0.2544319003338054, 1.4409362227176283, 1.1159247886013526, 0.047329402520024474, 1.1708956164944606, 0.25443189913696573, 1.5497932553448157, 0.04706504139770285, 0.04724214433747128, 1.5529661650106832, 0.05204985665130058, 1.3513900827967311, 1.5856342002783264, 1.5855227687868114, 0.05032365291689431, 1.513880974267849]"
29,0.1574308575110766,0.18650626134808887,0.029075403837012265,-0.02907540383701234,"[-0.031016470429535925, -0.0405451203443814, -0.013885571785820616, -0.001195813237444554, -0.022356353340346136, -0.018274216575500102, -0.003238970789066986, -0.13119616822837443, -0.0031721844188143944, -0.07678796856324854, -0.027962720003915642, -0.0021733927039457868, -0.08013064050091323, -0.04471726698002332, -0.0033796337302982593, -0.0019548313937798323, -0.027410976757654026, -0.042848788896764134, -0.059446372082207266, -0.009412203222549875, -0.003146962534858133, -0.02314831964778019, -0.11748945566151958, -0.00524308441681276, -0.021730213338614135, -0.035656350380740776, -0.09413478376184292, -0.006275426368814507, -0.021636933565275074, -0.007208852727956128, -0.03306071347360917, -0.008337242881053974, -0.04381537692531756, -0.0036268876495642033, -0.011636925178050816, -0.0017473306809030476, -0.003623811967136792, -0.05446642017628012, -0.004540716191727245, -0.0010097745007351944, -0.030754940912084194, -0.08619526523867238, -0.004759746824645639, -0.0018421416132541335, -0.00877781042894954, -0.013334136060197288, -0.006523427880668287, -0.010680135848651018, -0.00990572638767473, -0.023312417693812648, -0.014995917570042927, -0.0009174877493500766, -0.018485511495955453, -0.20821138756886443, -0.10305104398272746, -0.0037969192777493888, -0.03203983635617291, -0.24751630772780453, -0.06086757695624945, -0.008927467152770596, -0.006569377976131996, -0.03224975392311946, -0.004493354875902078, -0.003008737860352273, -0.07381640884717394, -0.005954325838547936, -0.004506581466936055, -0.06222820366739601, -0.0052262321186595795, -0.004997256376615855, -0.0069102416741015915, -0.04831588395974107, -0.06939051524861883, -0.0025107472244623175, -0.011087406513994758, -0.011799127838846069, -0.0031754377717261306, -0.017291463141208663, -0.0276560533403436, -0.012996512042560138, -0.011788803500352163, -0.007638711339916782, -0.015953966823062382, -0.013554109112904777, -0.013765123957878878, -0.014836415636342526, -0.10445389147619055, -0.014347013211483017, -0.008040992618968179, -0.0013365335532472544, -0.09096082666692062, -0.02020887143415062, -0.030575476514977495, -0.03909850045050023, -0.0029479871204938224, -0.01412051101077516, -0.012069428922171443, -0.004576736745060206, -0.0064710073229142795]","[0.4280076795272834, 0.4280076795272834, 2.557245752575709]","[10.0, 10.0, 0.0]","[0.0, 0.0, 0.0]","[2.2055828555918415, 0.09003553777612805, 0.41834548839003316, 0.0895433833335947, 0.09277413206104546, 0.07076417164731039, 0.08473548586716793, 0.0713463837883654, 0.8322882164213505, 1.2684731846365538, 1.2059880340412887, 0.5832186852682972, 1.855067719101177, 0.2918706388902601, 1.5470132550644176, 2.2433737199613883, 1.8419299297992047, 1.2604844673950313, 0.2187148230753278, 0.3931345083857611, 1.8798399948469762, 1.7626193006052642, 0.944083424732805, 0.8036180652688674, 2.050683750893805, 0.08406551492153772, 0.19802504548247044, 1.536276749350987, 0.21656278562324519, 1.993994859560024, 1.583132787598463, 0.07733391375743995, 0.15437064518242968, 2.1298994193721006, 0.8322882026442716, 2.002711595163552, 1.8571887986647093, 0.08485225972545565, 1.8245453177751894, 0.832288205069413, 2.1007710826569963, 0.08255618995841668, 0.08685881558400432, 2.1681247990430474, 0.1386391334261405, 2.0321254989864217, 2.186790534550447, 2.15475724005885, 0.07680596068431142, 2.046762493224241]"
30,0.1505749163408183,0.18650626134808887,0.035931345007270576,-0.03593134500727064,"[-0.031020747987613007, -0.0405493387354765, -0.021097109192133257, -0.0011958113926793246, -0.05461536651915444, -0.05363606947722843, -0.005946814154723645, -0.019314889026696758, -0.007609016341540986, -0.12056910548806099, -0.027961031564165406, -0.002171829794668234, -0.08012752373197696, -0.04471660043227743, -0.0033812767101673025, -0.001956089267099559, -0.028327210801874614, -0.12979390137500957, -0.0179093734031488, -0.009412216648567284, -0.003148776285308408, -0.02314765580428535, -0.3827606479729426, -0.01068508481850694, -0.021730227357159126, -0.010271020351315663, -0.15163417234839893, -0.006276224935258812, -0.021638645491814268, -0.0034234117473530556, -0.00281365790001753, -0.024981468734861068, -0.08991330473326287, -0.009704095778775734, -0.037934567215438975, -0.004512072635540543, -0.003623979343119199, -0.015278382196871387, -0.003829823236781049, -0.0010096249307639527, -0.030753701436004643, -0.06790036174935787, -0.09581031349048252, -0.008669987410047986, -0.008777824295471692, -0.013335296225591042, -0.014246387689496487, -0.013098188472671968, -0.14492843918613885, -0.02331558347392626, -0.014997589526516641, -0.0009171602654589606, -0.005931001683427528, -0.007320364424756809, -0.10304933893757973, -0.008723143915583265, -0.028545145209010858, -0.013409339236946538, -0.06086593617392477, -0.011415119175997024, -0.006568439797705494, -0.03225276351598083, -0.004527666803506802, -0.006464981161377725, -0.04685477476220967, -0.0008739223199836221, -0.004506129766539413, -0.062227094522371296, -0.0052263259492222325, -0.024573157239348636, -0.02109086681921024, -0.12566546956431113, -0.07910779299747062, -0.0025104046390524992, -0.014267284673130431, -0.01179640680249816, -0.003177054338333374, -0.0016645130552612741, -0.027660553047829328, -0.05218869131070214, -0.011787712809263828, -0.025550042625762437, -0.04064057999051984, -0.024056230535590473, -0.022859793230268544, -0.014838778150628507, -0.01746953187886091, -0.06034123028740809, -0.08584919829347859, -0.0013358546241776237, -0.09096489526329332, -0.02561691204771721, -0.03057514358171698, -0.15622408790227693, -0.0029483222599966386, -0.17711421697733343, -0.019140174040770397, -0.004576761682979047, -0.006471008611275364]","[0.07510771428391087, 0.0, 0.0]","[10.0, 10.0, 0.0]","[0.0, 0.0, 0.0]","[3.0007320939420645, 0.08492232796907685, 0.26725173265386526, 0.03775214118612653, 0.048131678929495395, 0.036571265326174045, 0.04055077952738788, 0.03256526277327394, 0.4134178685421338, 0.6730418636890614, 0.708137867704818, 0.4236735319101222, 1.1379059688125384, 0.5743191163676108, 1.2270290409842655, 1.6897255713128816, 1.4567399779933616, 1.1990064014588881, 0.1021693547599522, 0.19149610005522888, 1.9445768693656642, 2.0249744210247544, 1.6891361971933523, 0.9542303170687659, 2.4484288216032413, 0.05311650067376926, 0.0995020998803815, 2.362457388237269, 0.22787323323938796, 2.501106345661785, 2.121815569375336, 0.052131881365570606, 0.1831642872930019, 2.7189502170302933, 0.41341786131788605, 1.9479006055862638, 2.6747705611213815, 0.06690774219089819, 2.4371039533522114, 0.41341786324337976, 2.7450122141174114, 0.06607113993872377, 0.07541431361975474, 2.8583663630420175, 0.20643954905979225, 2.8390152852639496, 2.9285916161389114, 2.874641437148746, 0.0401134420248914, 2.619617020326511]"
31,0.16243851254198632,0.18650626134808887,0.024067748806102546,-0.024067748806102615,"[-0.031015413979666118, -0.04054429650160474, -0.14339154476854254, -0.001196403251551903, -0.02235503128885119, -0.019664073008651695, -0.13300192288498103, -0.019317649246616053, -0.00317250895241461, -0.035933183511692834, -0.027961884573605822, -0.002172912146443551, -0.08012884743861459, -0.022912631547492346, -0.0033797386559935028, -0.0019553427338112606, -0.027411263818651666, -0.04284895633843355, -0.017908552181970627, -0.009412279085995623, -0.003146962790519403, -0.023147041629498766, -0.11748921830171755, -0.00524445306874366, -0.021729645447194024, -0.010269798025930754, -0.09394753317019955, -0.006274326859878165, -0.02163627528851708, -0.0034233049647058866, -0.002813602996048048, -0.008339348621918319, -0.05982169073319055, -0.003626751377137971, -0.011637760523478313, -0.0017471864527915937, -0.003624303286600128, -0.015275001985620484, -0.0038299435787685354, -0.0010107037322051315, -0.030753636278446628, -0.024500473304503334, -0.004760422588718782, -0.0691933995685633, -0.008777856799016215, -0.015053670049519297, -0.006523502732354025, -0.01067424850385823, -0.009896613100286888, -0.023312873509633292, -0.014992405813289977, -0.0009174643696816531, -0.005931056623672548, -0.007320475535748994, -0.03637902747701682, -0.00379700127442284, -0.028542420882284203, -4.2041433878647894e-07, -0.06086721656515692, -0.008927270902836959, -0.006569169079032822, -0.032252837616500774, -0.004493548318773799, -0.0030082487221583243, -1.8332600679737965e-06, -0.0008737207480473685, -0.004506767043904514, -0.062228466578679864, -0.0052287332082288085, -0.004997820095864913, -0.006911905186100853, -0.04831642105519096, -0.010266204946335233, -0.002510830810641518, -0.011090429506241284, -0.011798604558318937, -0.0031753440803796718, -0.0016622935823065177, -0.02765663010540842, -0.01703673260172267, -0.011789202409935307, -0.007638718065869465, -0.027958272070657708, -0.013537862294910719, -0.012414279208080359, -0.01483776219124655, -0.017463770688604274, -0.008987863057621226, -0.008043692402958769, -0.001336035777925626, -0.09096216528899603, -0.020208079293300152, -0.1981327885102706, -0.039605882265411285, -0.002946366183325777, -0.01890548670887604, -0.01207082767581591, -0.12997063115704421, -0.006470160405805392]","[0.02216217300445968, 0.02686863852005868, 0.18042347186174137]","[10.0, 10.0, 0.0]","[0.0, 0.0024294853162568374, 0.0024294852865867143]","[4.840052952456973, 1.1813432923491904, 0.14082073558951283, 0.39523752401197276, 0.11771403391962987, 0.2360488055094784, 0.11364542569230107, 0.1991161740134411, 0.3934297840775828, 0.45855135509240946, 0.4399061208873139, 0.2749451624124461, 0.8813951381994158, 1.5927370028015972, 1.0474933152826946, 1.5143932535062021, 1.2048433609406697, 0.9800951329046229, 0.18888416962951066, 0.37789171989340464, 2.1573017537303714, 2.256232476191098, 2.6237257121863866, 1.1712131111638153, 3.2632924883010523, 0.4567894997959482, 0.147514609100422, 3.607474605863296, 0.5240759611982589, 3.3372525236400756, 2.8585120842567915, 0.4555630085427527, 0.7190719622962187, 3.984146310452743, 0.3934297832137049, 2.008953271453364, 4.1823254526825195, 0.696567604852302, 3.397035613008027, 0.39342978815765584, 4.017813205139887, 0.7333154244929412, 0.9056828376436483, 4.393640355914571, 1.304513020897228, 4.507571681593245, 4.610195973227946, 4.419825804518842, 0.1392323681666574, 3.656083469550131]"
32,0.15463144499902612,0.18650626134808887,0.03187481634906275,-0.031874816349062814,"[-0.12468212079215646, -0.04054478915170012, -0.013885535116338055, -0.0011958365053845732, -0.022355107411300867, -0.018274514456923185, -0.003239024913816557, -0.01931623224073542, -0.003215762523138155, -0.035933183511693556, -0.06834915544038855, -0.0021718117671802872, -0.08012886320440149, -0.022912384768589256, -0.18003778846748475, -0.001954806014024868, -0.027413873752082374, -0.042849096585944046, -0.01790512906748276, -0.14741397849305593, -0.0031486942552998443, -0.02314730254964026, -0.11749407243605514, -0.005241733725396269, -0.021731967603445757, -0.01026835880716881, -0.094140857222206, -0.006274755977536017, -0.021637026841058837, -0.003424995586786217, -0.0028140654084525263, -0.0083375536776511, -0.04381587353609495, -0.13215768543390194, -0.011636939627288179, -0.0017472115282910483, -0.0036239409976146497, -0.015275466025480355, -0.14707724288074342, -0.0010097455998108185, -0.09857616764277877, -0.024502138274811625, -0.004760775855158883, -0.0018591712716304887, -0.008777426554993806, -0.013333947010740088, -0.006523410373578731, -0.010674274545184215, -0.00989660392898184, -0.023312996464232683, -0.014995343220818746, -0.0009173583709185529, -0.008435281222763713, -0.12433938819170742, -0.03637710621706303, -0.003791164238867495, -0.03021311711424368, -9.177898296908182e-07, -0.06086805183375299, -0.008974768762077812, -0.0065687759004524615, -0.03224858482958859, -0.004494735415668805, -0.0030082836276159597, -0.29789235004517334, -4.584276787955588e-06, -0.004506185691143028, -0.06222909987120451, -0.005226643186519331, -0.004997357478754072, -0.006907838362986141, -0.05438851268688172, -0.008850165727405046, -0.002510654273485069, -0.01108801084599853, -0.011796527794723621, -0.003175471088705084, -0.0026184684303633965, -0.027656051926500336, -0.013258298781279265, -0.011787815434486593, -0.007638426789534858, -0.015954305680553782, -0.013538105810718237, -0.01241388700686441, -0.014836986093771376, -0.017463845291962654, -0.01855606788018105, -0.00804106603349175, -0.0013360428307250816, -0.09117871977516323, -0.020208017930174238, -0.2474984705817984, -0.039098440417626446, -0.002947969197492739, -0.014121479913700163, -0.012068993045113552, -0.004576677245453853, -1.0085692925265732e-06]","[3.324742604654154, 0.0, 10.0]","[10.0, 10.0, 0.0]","[1.8494671305546717e-07, 0.0, 0.0]","[3.5092295914343854, 1.7807427075970024, 1.059351672107263, 0.8574341310650705, 0.5205138022844682, 0.6519591108083116, 0.484414657558267, 0.5918958457196444, 1.3747222477079513, 1.6391131197908244, 1.8165709714331473, 1.5864216589084847, 2.081259868487132, 2.2718689044282923, 2.3397230455816764, 2.7245265739528626, 2.655293961123915, 2.5637830630658507, 0.7846550678267008, 1.1044666047184704, 2.918210341135551, 3.1063681587604672, 2.743452314558795, 2.1387134714214704, 3.228556723408554, 0.9576214321692017, 0.7250340522491141, 3.1037961579815407, 1.3325081903266558, 3.3240369194256014, 2.9996555038563057, 0.9753458471786653, 1.4476151117490719, 3.3725576278133995, 1.3747222399452408, 2.998992807133093, 3.299283623964262, 1.2526982352607419, 3.2329165811619722, 1.374722244207256, 3.419016092940715, 1.3074271870634393, 1.4862561059059314, 3.4417373310200605, 2.0057617859168584, 3.4052855664900172, 3.475410929348945, 3.4658426541334286, 0.5316967620089663, 3.3713770185040217]"
33,0.16455250485310646,0.18650626134808887,0.021953756494982407,-0.02195375649498249,"[-0.031016351155112254, -0.04054857342895213, -0.013885382395926626, -0.0011966698831802347, -0.02235425319096107, -0.018273795289466488, -0.003239007920383674, -0.019315756488824665, -0.0031725570355702892, -0.001476041144250928, -0.027962649468236123, -0.0021732254644661886, -0.08013153300082898, -0.02291264030631801, -0.0033795517680794696, -0.001954880212019283, -0.027410430789366114, -0.04285278618810118, -0.01790493308040264, -0.009412246262713309, -0.0031553852435641794, -0.02314974078873666, -0.11748937399528137, -0.00524174182553061, -0.021730571395560005, -0.010267598566366942, -0.10858962072435174, -0.0062747063636785505, -0.02163608017041785, -0.0034246503177361998, -0.002813597903773224, -0.00833859300129447, -0.04381778993392116, -0.0036266883939726213, -0.011637277151021586, -0.0017471606592172062, -0.0036239893062335327, -0.015274493055865701, -0.0038302832414909282, -0.00100975846774648, -0.030753804035464682, -0.024499761066004933, -0.004759940390430373, -0.001842278479943893, -0.008777825517733095, -0.013333750637084085, -0.006523187311934464, -0.010673589675745054, -0.009896489043193846, -0.023314139984329962, -0.014993220562974585, -0.0009172235301124765, -0.0059318053534911375, -0.10181153813869903, -0.036378175776684785, -0.003801330028896821, -0.028542311396282383, -0.09171749650924721, -0.06087026181920052, -0.008922743110027387, -0.006568738220405379, -0.032249221429591524, -0.004493490624066343, -0.003008201373405406, -0.12476696801779763, -0.0008748418577724237, -0.004506368421089313, -0.06223030945200181, -0.005226971792952062, -0.004997361653980015, -0.006907538279850467, -0.04831648887926976, -0.008850608599047072, -0.0025119452796174002, -0.011088010147615623, -0.01180905952157596, -0.003175587965858373, -0.001664114819461826, -0.027656195974329334, -0.012997545362651852, -0.011787993016123766, -0.007638457851615765, -0.015953873203778057, -0.013537730982759122, -0.01241392523589635, -0.014837797834585942, -0.017463862233728422, -0.008987913419037707, -0.008040981338571118, -0.0013362093358038063, -0.09107154927099526, -0.020208423366816275, -0.030575347366666783, -0.03910057132754696, -0.0029467180258149206, -0.01412119643531895, -0.01206931162237046, -0.004576727474530973, -0.16734049864256517]","[2.145604429294493e-07, 0.5577905310625002, 4.044095421416323]","[10.0, 10.0, 0.0]","[0.0, 0.0, 0.0]","[3.999150929131053, 1.2505605227645318, 0.2497878434691886, 0.37977462013111823, 0.15999180050063413, 0.2712806627428808, 0.1495339528067361, 0.22026971931241296, 0.5780485278425403, 0.7889691675434538, 0.8598070322599646, 0.5851397067148649, 1.2600373714347275, 1.779403133218408, 1.7213997419269937, 2.09202397959554, 1.8956753557516386, 1.6204802869691672, 0.24713371695221645, 0.41778711345917446, 2.7070336029264674, 2.7271070159313586, 2.757014824046475, 1.6356094701089428, 3.345663494642973, 0.49167717470686306, 0.20431311782064682, 3.397988567723966, 0.6952403702888359, 3.353419113801959, 3.044571412433331, 0.5154442101651817, 0.8501742557046447, 3.6714105584783523, 0.578048522489708, 2.6161322277055423, 3.6998479399126896, 0.7601233729398454, 3.3571491008287664, 0.5780485264069005, 3.6701636652474514, 0.8047927195255734, 0.975780662965219, 3.834981452379039, 1.417587287663571, 3.8536459038545954, 3.916315772974003, 3.837332851974741, 0.1764133099271012, 3.5076783089845818]"
34,0.1686260069128555,0.18650626134808887,0.01788025443523336,-0.017880254435233438,"[-0.031021789317506432, -0.04054376536547455, -0.01390200289609389, -0.0011970790719599833, -0.022354578205913356, -0.01827876900680403, -0.003239919203357422, -0.019317067844598856, -0.003173413269349723, -0.0014773946917693292, -0.02796411773368712, -0.0021743347759191067, -0.0801370140459623, -0.02292199155709085, -0.003381144821561932, -0.0019570551875789377, -0.027411913802290133, -0.04285445005381039, -0.017906494638063375, -0.009417180785574741, -0.0031498765472837142, -0.02315529053811405, -0.11748911697646358, -0.005241800978030842, -0.02202810339737704, -0.010275117897308839, -0.10851567057033029, -0.006280584063327099, -0.021639398504339935, -0.003423282279222395, -0.002813953578785666, -0.00833659188703395, -0.04381633139194552, -0.0036305295385163916, -0.011637257935233958, -0.0017481146287803284, -0.0036238468968972093, -0.015274289908303817, -0.0038316398382449712, -0.0010120642568464677, -0.03075381716405312, -0.02450666598022977, -0.004763102067471658, -0.001842333568787824, -0.008777322912521202, -0.013334018777402479, -0.00652334358783202, -0.010678704629294655, -0.009900923816855034, -0.02331278814764559, -0.014992730831653311, -0.0009168978756126656, -0.005930711447632575, -0.007320700146734693, -0.03638212140886399, -0.003795834982565971, -0.028546130966067285, -0.0032937291705392724, -0.06087202415068438, -0.008923030324908598, -0.006571543240600164, -0.032250059371157436, -0.0044938748197804745, -0.0030084681067190644, -0.005795692232106631, -0.0008740483150804224, -0.005218191193114841, -0.06222870271909642, -0.00522707440383452, -0.0050006047687816135, -0.006908057702320836, -0.04831887034417637, -0.008854411802737716, -0.0025103107410744396, -0.011088042935261333, -0.011796760094495262, -0.0031754050219512386, -0.0016623148476426763, -0.027664939171538894, -0.012998318514493512, -0.01178831965722904, -0.007639371707229614, -0.01595417253872289, -0.013545877388987604, -0.01241399538738941, -0.01483705580322292, -0.017463981086293767, -0.008988308827828417, -0.00804335852427096, -0.059858780455242705, -0.09096294493517032, -0.02021468927870984, -0.03057930041762802, -0.03909846806602202, -0.002947091874480501, -0.014120299496100053, -0.012073901354612837, -0.004576691108353126, -0.006471620990543991]","[0.0, 0.020692253811225053, 0.020692253811225053]","[10.0, 10.0, 0.0]","[0.0, 0.0, 0.0]","[5.579245754383967, 1.773602530461331, 0.8149414327662092, 0.5582695868942101, 0.37992904922403603, 0.492243879024023, 0.32938035886391165, 0.40104900126790494, 1.4142389633303891, 1.7450900157905216, 1.84883453419087, 1.7214582083284076, 1.990179044791159, 3.076047618654102, 3.3072658705600464, 3.6083058740629426, 3.548671182011157, 3.4554691703668445, 0.6424289533779457, 0.9572555109112361, 4.431005921081495, 4.61981731361353, 4.464546104753984, 3.168490212423218, 5.033687923637366, 0.7808243259518446, 0.7161511678789246, 5.09027966915524, 1.5023976741091878, 5.12804705911032, 4.792226321805318, 0.855128727756407, 1.5624880200635713, 5.3135100633678265, 1.4142389520764735, 4.377256043824491, 5.345806133652301, 1.159119859412244, 5.109438566435998, 1.4142389589088409, 5.35728270800721, 1.2324111153760686, 1.43585540244723, 5.447997585682226, 2.2564341494301288, 5.468170776201894, 5.513475339304866, 5.4719802057896745, 0.3993319141759326, 5.241734383999246]"
35,0.17880792775296941,0.18650626134808887,0.007698333595119455,-0.0076983335951195265,"[-0.007948003803934789, -0.010277108870983653, -0.0036044540844986095, -0.0006629108253015659, -0.005638151842847883, -0.004696526710492144, -0.0008685929700520401, -0.004983939291010042, -0.0015978246394421358, -5.280217673098164e-07, -0.06892063594723741, -0.0005930913957969963, -0.020502388646611358, -0.005829446553075268, -0.18003777213869754, -0.0005266598260593724, -0.0070464961009633065, -0.010962590694957974, -0.004581108521718225, -0.002417762375140242, -0.0008257426234314913, -0.005871015473983832, -0.03130275463073584, -0.0014204714737524604, -0.00565243966952611, -0.0027761541474760065, -0.10838362702306847, -0.0016163126572268371, -0.005720422450245843, -0.0009162449130246664, -0.0007459339121729247, -0.002179680003379314, -0.01109713170937443, -0.0009908715562687576, -0.0030763394109531994, -0.0004717317545555044, -0.000988205485984217, -0.003959486074638807, -0.0010336162020294637, -0.00023671616363474257, -0.007703583941582437, -0.00614230563290552, -0.0012669725206853055, -0.000498689262456331, -0.0022218800664970395, -0.003338674442926237, -0.0017218482392493684, -0.0027562470699911135, -0.002539276895527909, -0.006015898014977594, -0.003997270640042849, -0.00025347721181212535, -0.0015602786408699387, -0.0018307807875288518, -0.009215231068607554, -0.0010375905888686532, -0.007612222894503029, -5.3476564382259895e-06, -0.015615556396358699, -0.0023690460855374518, -0.0017520816611464873, -0.008659818810033748, -0.0012043942558135345, -0.0008098468219808197, -0.0014688052803969454, -0.00023920822837530942, -0.0012267682036717353, -0.01573667326658068, -0.001402614101786881, -0.0013344147085851965, -0.001846308622779791, -0.012209445450416467, -0.0022693219525879993, -0.0005955486840858448, -0.002842816066502829, -0.002978888081654696, -0.0008596591804159726, -0.00046164897889733325, -0.007054050157967673, -0.003362010618189082, -0.0030624202258147104, -0.0020289121798739984, -0.0040902750645623875, -0.0034092382534318677, -0.0031912567847673934, -0.0037924435711302884, -0.004527905750908667, -0.002251355513528619, -0.002079019734271048, -0.00036268876407885564, -0.022955540803025976, -0.005139388805807332, -0.007904774151784366, -0.009779661932001638, -0.0008117708807460211, -0.0037591874136810866, -0.0031462749940968093, -0.001219856648484896, -0.0016456626595511281]","[9.854e-09, 0.8563347371952114, 0.8563347408421118]","[10.0, 10.0, 0.0]","[0.02641678291645462, 4.941967018633146e-09, 4.94196695823496e-09]","[2.537911576386215, 1.0226841301241887, 0.20430507820044227, 0.35836943607689264, 0.12627263194455982, 0.23190635718647148, 0.1209701595484161, 0.19867886264896012, 0.21228733770224778, 0.29152571945500816, 0.44951940557847336, 0.31196020534847335, 0.614693570649822, 0.987857158147286, 0.7728853897781843, 1.2019354717966617, 1.0790025576287867, 0.8788390580217859, 0.1469454495326856, 0.22411521165713763, 1.4552509064324557, 1.5838748243238185, 1.2492422431832206, 0.6680305272922853, 1.9649900693644096, 0.40951897565938433, 0.119824579174381, 1.7374663314890604, 0.37536985769330805, 2.0334998274201044, 1.5585340118738706, 0.4152158594642049, 0.541950093796455, 2.244121046211405, 0.21228733663590107, 1.5320563000717815, 2.087698640821322, 0.6133565364550977, 1.8971333710268925, 0.21228733769006106, 2.275622575393621, 0.6490711856186466, 0.7901221333570833, 2.389120176409862, 0.9986632481019041, 2.30356328779593, 2.4624263885585473, 2.4075082556192333, 0.13987321480859705, 2.1501567683981935]"
36,0.174242069663129,0.18650626134808887,0.012264191684959874,-0.012264191684959928,"[-0.007560814123738435, -0.024568144805575454, -0.003346007884137858, -0.11401826677943627, -0.013066566234244181, -0.09607464188406745, -0.0007541146428167167, -0.004984069682734127, -0.0007411356662896385, -8.730716707372466e-07, -0.0689200973318882, -1.092500523380835e-06, -0.020502393765322147, -0.005832782696194805, -0.0007818366254022102, -0.0004528630585767246, -0.007046214176170906, -0.010914520436614339, -0.0045804243851859106, -0.0022960286971147603, -0.000754294546024159, -2.2815773448314758e-07, -0.03130307817548594, -0.0014186486186256175, -0.005651345738407976, -0.00277435833702544, -0.10717801409094996, -0.0015217259295832175, -0.031044194890180066, -0.0008005394800676413, -0.000745831430683852, -9.469750712476355e-07, -0.011096929392955257, -0.0009903788350134057, -0.002748912653590896, -8.550374877014377e-07, -0.0008285401455094821, -0.012082658929028156, -0.0010335449790637163, -5.427495669563243e-07, -0.007709444614173666, -0.006111031609975726, -0.0012658030372310058, -0.0004983642231863872, -0.0022212513735671013, -0.003334076008421949, -0.002985524848791332, -0.0025850506569886633, -0.002538581230364212, -0.005645528823440493, -0.003998008104423967, -0.0005380691015424155, -0.001408366801016303, -0.0018300920242051433, -0.02611406968761454, -0.0008646448104521198, -0.029999159268195852, -0.000833086543496675, -0.015612601294056283, -0.0020990585395948003, -0.0017517014385610707, -0.008662799807620969, -0.0012043164651032168, -0.0008097683658596644, -7.685892169373432e-07, -2.1939767735901228e-07, -0.0010328619404478268, -0.121285735113274, -0.0013408694035841329, -0.001168833365488453, -0.0018470114397812765, -0.031242669955856783, -0.0022687977725641684, -0.0006616807970404315, -0.0028415899883107443, -0.0029811136655854, -1.36625691471437e-06, -0.00046114996047297296, -0.007054036049671364, -0.003362211816272165, -0.0030609542448571947, -2.246598094224339e-06, -0.0752097514527783, -0.0034104855891974317, -0.003019298276875304, -0.003625941936863164, -0.004526499554311725, -0.0032403966686098684, -0.0020801580660962937, -0.0006599389975026071, -0.022958019372713245, -7.310987739650443e-07, -0.007900300036272512, -0.009772879155964809, -0.0039980636182104234, -0.15820131999409748, -0.0030862891182579233, -0.0012209806122946976, -0.0015909506894600245]","[0.06677580470714685, 0.09236383929487278, 0.01140720380002611]","[10.0, 10.0, 0.0]","[0.0, 0.002345167950820266, 0.0023451679221798694]","[1.231554251449581, 0.9475779079628648, 0.5330611401679032, 0.4647360268013229, 0.1862042935369461, 0.2797314160943928, 0.18183557950693688, 0.25803144224747654, 0.48497930315835547, 0.5946548257298897, 0.7951232687734252, 0.47941670357382654, 1.148281781596333, 0.6847997178562706, 0.6963790383821619, 1.1740061434483116, 1.0370082111462604, 0.8336378358591149, 0.27362579133557474, 0.4523000176745544, 0.91505139573109, 1.0538833281369173, 0.6153484593988172, 0.5103557833283531, 1.067937138395651, 0.4701694050822617, 0.2642846327170022, 0.7941369721934524, 0.4056835427573108, 1.1481387759828139, 0.8008462240469364, 0.43909088972237215, 0.5272345907360316, 1.1486620360827609, 0.484979301221824, 1.08792188912496, 0.9700011008009212, 0.6169071104363714, 0.98594354819675, 0.48497930383606747, 1.1905216534829708, 0.6366511962625011, 0.7570501168765325, 1.1898304627073277, 0.835454703161182, 1.0917907389611117, 1.2104518660408738, 1.2117224060128013, 0.19277723399611374, 1.169162248211803]"
37,0.1812939455151146,0.18650626134808887,0.005212315832974268,-0.005212315832974354,"[-3.132912384629094e-06, -2.5343185985349237e-06, -0.0035995559635972896, -0.0003270745363623817, -0.005538113587471916, -0.014627221967027815, -0.009025941929248077, -5.646374576784297e-07, -0.0007414015417597231, -5.214892427884976e-07, -0.00717777226762184, -0.0004966720741568231, -0.0205063615158263, -9.301054368027195e-06, -1.4916732218317463e-06, -0.001197759328137149, -0.02692639894433091, -2.871676241911203e-06, -0.010016502540428407, -9.161632807952458e-07, -2.8846880515409623e-06, -0.005710114021091339, -0.03130331393891428, -0.0014188095504650278, -0.005218184823333694, -0.0023689394576402734, -0.09413602741435856, -6.324078216657369e-07, -0.0057220775686397385, -0.0007990498928398537, -0.0024837037943429285, -0.0005406508398568821, -0.011100059084371061, -0.003025009297402015, -1.940219191975956e-06, -0.0013527573596971987, -6.148909423853155e-06, -0.012083190774247576, -0.0010354968281984789, -0.00023676614488837844, -0.026254189372657333, -0.020646732592262573, -0.0012656690481904764, -0.000499074437634528, -0.0021684720741295127, -0.003334202736979597, -0.001717727221051124, -0.002687290700574163, -1.9421841086497693e-06, -0.006015032358829053, -7.342264778387175e-06, -0.00025236795557237457, -2.480630096002301e-06, -6.467610966787163e-07, -0.009209956247837159, -0.0010368662577153742, -0.00761233393631211, -9.723494786118003e-06, -0.015613817289218623, -0.0021027792368113474, -0.0015383158339639103, -0.021446125101680202, -0.0010547231215827235, -8.458644846776053e-07, -4.329784100143286e-07, -1.681445868095821e-06, -0.001033422601027123, -0.015735989784960935, -3.113942288690552e-06, -0.001168908545363223, -0.006084749449835947, -6.556601307661225e-06, -0.006651804421802465, -0.001138934749589926, -0.002704596418347416, -0.005305945599244022, -0.0008609919938962207, -0.0026185563921306, -0.007054416311368827, -2.5062684700927207e-06, -0.0028434057762800613, -0.005492756086986628, -0.010006740564439287, -9.377603873428342e-07, -0.0030190524455835366, -0.0037932665110127495, -0.004527860934347094, -0.002244430395614172, -0.002079503775296754, -0.0003621698620189795, -9.90863649796836e-06, -0.005139179482184009, -0.007395442254668261, -1.3760021626119112e-05, -0.0006686523939514188, -0.003309428789679103, -0.009922728863571706, -3.692220285067549e-07, -0.0015905423264821472]","[0.0, 0.0, 0.09430604944938953]","[10.0, 10.0, 0.0]","[0.0, 0.0025071297782911263, 0.0025071297476727686]","[1.1792729598105878, 1.0579514693265812, 0.16433858373053603, 0.41684730771059497, 0.11442019159721624, 0.23102322463052138, 0.1130194012219979, 0.2044817218957073, 0.41057211940152805, 0.39994297601114237, 0.31219747914266716, 0.17578847772856096, 0.5791234466847893, 1.0553305897772978, 0.499562091870142, 0.6501600240824009, 0.5300531376645782, 0.41244342050728083, 0.2086834161246351, 0.4189555241513965, 0.6893826086041812, 0.7119104129576853, 1.0415902895619324, 0.5842037674363127, 0.8898458447801291, 0.44035210259237695, 0.1689230168785296, 1.056384590205514, 0.41606450968167985, 0.9206886201565652, 0.8532044501160579, 0.4205881237941218, 0.5869994360341647, 1.0220949739673977, 0.4105721198531172, 0.6770346442165314, 1.0937510884205859, 0.634690266530607, 0.9323041344087903, 0.41057212503314067, 1.0412420487090757, 0.6634939541669376, 0.8149434162584767, 1.0973230129326819, 1.05800655394424, 1.1293373519236871, 1.1370905714645767, 1.109633022996731, 0.138282611118795, 0.9779927662715192]"
38,0.1745710976640373,0.18650626134808887,0.011935163684051564,-0.011935163684051626,"[-0.007561077471704092, -0.010266200428238559, -0.14338402747149492, -0.00027285694081147227, -0.005538103959843443, -0.01463324452866388, -0.0007553964623743248, -2.7934747057756226e-06, -0.0007433312597386887, -7.119733625993163e-07, -0.04999279512392496, -0.0005945417082267035, -0.020501524040828834, -7.157644104971439e-06, -0.0007921885138961748, -2.2749671206856448e-06, -0.007047427207935275, -0.010915054710475047, -0.004581115179087991, -0.002488397864853109, -0.0007529452286401117, -0.00570635370203787, -0.03130197543186597, -0.001207903172953273, -5.2312626808159735e-06, -1.725657599926933e-06, -0.02984535650240394, -0.0015222002345798291, -7.45974651605863e-07, -0.0008000004872870115, -0.000745889416058354, -0.0019921209781532667, -0.011104972859503182, -5.826885125514991e-07, -3.218450708164511e-06, -1.9110867675031784e-06, -7.522455408359718e-06, -2.115241213296315e-06, -0.0008513881452039129, -6.953205757831427e-07, -0.026253853025306917, -0.006110322165401083, -0.001119245859414253, -0.0004247261129430857, -0.0022213531456005686, -0.0033354322219465438, -0.0015473749060883613, -0.0025851990843732686, -0.0024123711033658957, -0.005644576480918317, -5.7922114677921854e-06, -0.0002077429667961539, -9.800530322845447e-07, -0.12633428947317593, -0.009209911888243383, -9.16973355913342e-07, -0.0076121396483026516, -0.0008322367391180308, -0.01562699255432687, -0.0023351934063553514, -2.337499215521177e-06, -0.008658712802017021, -0.10216882250735693, -0.00070408686713197, -8.677316506444654e-07, -1.018553337228667e-07, -0.00521859945008174, -0.015736158599991334, -0.06510804238246937, -0.001169845129612046, -0.001847800009218581, -0.012216527701490065, -5.075734343940042e-07, -0.0005953737142534443, -0.0027040462227592155, -0.002977814378398169, -0.000734616689853862, -0.000424864242518197, -0.007057334230142098, -0.1538534183824274, -0.011881671638301228, -0.002029308379936534, -1.543475416143636e-06, -0.0034090520187755047, -0.0031903545441083203, -1.3185850744612537e-06, -5.803268063875322e-07, -1.3088156224361214e-06, -8.064598504553544e-07, -0.0003620090847840096, -0.022516023436105925, -0.005140601771641329, -4.452729180037807e-06, -0.009775878846880026, -0.009604818273772242, -0.014553134757538722, -0.002885182691496624, -0.0010723434639778873, -0.13421521220475818]","[0.0, 1.0527980823869196, 10.0]","[10.0, 10.0, 0.0]","[0.0, 0.00264926868054967, 0.0026492686481940303]","[1.329178769469265, 0.1856341017350343, 0.550231405925097, 0.1435461179445051, 0.14547009636507147, 0.14579453605229617, 0.13734101647529523, 0.1420893056565394, 0.3269162244070913, 0.46872292825394274, 0.6611580663319134, 0.5333756811435302, 0.778385040995868, 0.42972923289253234, 0.7437314304691827, 0.9891571959952131, 0.9573250604176847, 0.9049077327648088, 0.1710999653495338, 0.2114176111121458, 1.0220619187559898, 1.138075298397009, 0.8120368712438412, 0.5720831775184763, 1.180466541043459, 0.15644603944395305, 0.27053879225780497, 1.0613302601417092, 0.25126340782757295, 1.2391958584956777, 1.0270346414913891, 0.15826055415225806, 0.23117539508806212, 1.2561186452825572, 0.3269162205957364, 1.0929051035094006, 1.191118511907424, 0.16875511169168111, 1.1699568446029285, 0.32691622079821747, 1.2848714102230325, 0.16984875852671377, 0.17663022448606058, 1.2929467563420194, 0.2590670640003411, 1.2609323065429257, 1.3109865379479486, 1.3077552791980025, 0.13518318861510834, 1.2618393974156283]"
39,0.1801455210071966,0.18650626134808887,0.0063607403408922625,-0.006360740340892331,"[-0.0075606085635491205, -1.0884315577719406e-06, -0.004533174798750039, -0.00027279703511373654, -2.8889702767820324e-06, -1.9023789721295259e-06, -0.0007586849609331203, -0.004983163439596705, -0.0007414236566458676, -9.917111410961965e-07, -0.06629337345029773, -9.294254650349387e-07, -0.02052883262859595, -2.4911655498449647e-06, -3.538122275159594e-07, -6.945410773173677e-07, -0.00658003887888059, -0.010914751987489701, -0.004579234752353001, -9.880330837930273e-07, -0.000752625244843319, -0.005703095385372059, -0.03130638009396236, -0.0012080174009958533, -0.005219875825868137, -5.3463745546267205e-06, -0.027089277256086675, -0.019359280552484925, -0.005720433525259416, -7.930859122762257e-07, -0.0006638190689729484, -0.005555022735187265, -0.011097291620917105, -0.0009903695109310107, -0.003078541152847336, -6.821818290259074e-07, -1.433695079988695e-06, -2.223062166351042e-06, -0.0012007062322645368, -0.00023699081558425927, -0.0077060370535688705, -0.006111430188801226, -1.5689374053273752e-06, -0.00042498100961951835, -0.002173428462239002, -0.009229819411294526, -2.7042464552096135e-06, -1.6407044483024436e-06, -2.9523239630790954e-06, -0.005644867626336314, -0.013700687334258, -0.00020789766427231626, -0.0014053532550155623, -0.02023285878166939, -0.009212705702478452, -0.0008652467579004508, -0.02999939216303793, -6.709719773123624e-07, -0.047072253068868086, -5.566223162389861e-07, -0.004599949303596862, -0.021438472287462096, -2.995358865609532e-06, -1.3500064341975815e-06, -8.142537059052657e-07, -0.00020072044515218046, -1.1142070679426297e-06, -0.0157355828734822, -0.004978578482132789, -0.0011692405970178399, -0.004519509169355285, -0.031240415110304287, -0.0021580880691813853, -0.0006618121894691464, -0.002704194194905307, -0.002977701451473136, -1.815266365667867e-06, -0.00037395453832056447, -0.00705498526150472, -0.01203555522137334, -0.0028404463598661334, -0.0017955363621844356, -0.004073129198490566, -0.003098234283830381, -0.0031921018734837325, -2.7658911254668794e-06, -0.00452688765892395, -2.302383279584319e-06, -7.416407912241851e-07, -0.0003080053630044599, -0.022530756916324002, -0.005140082199993401, -2.6991561572486944e-06, -0.05381259972660013, -0.0008122939901020754, -0.003310242933808105, -0.010385497001405009, -0.0010724018348453601, -2.0509583535943676e-06]","[0.051657534833827956, 0.0, 0.06618920824048402]","[10.0, 10.0, 0.0]","[0.0, 0.0, 0.0]","[0.9530619743448948, 0.10029889215059709, 0.2388807621336006, 0.06960116020443065, 0.07053944764811608, 0.06828126518233309, 0.06672258333961613, 0.06597305818418174, 0.24839407405069355, 0.3584886160128535, 0.42408512827227096, 0.2954205393604695, 0.5606514703884895, 0.3072076148264539, 0.5374929174218156, 0.6983998571466041, 0.6454145203213983, 0.5685646797838935, 0.10050034262493283, 0.14556958586298582, 0.7309507561864981, 0.7706332925375639, 0.6139080684259846, 0.4204912354758562, 0.844237277351983, 0.0778334811836405, 0.11766060127472464, 0.784295353075441, 0.15906098095964133, 0.8653229629732707, 0.7455100303361001, 0.07820675325014587, 0.14228753510922817, 0.8992893265436556, 0.24839407085945242, 0.7563904664986437, 0.8670450266178121, 0.08721280833926931, 0.8325694043960573, 0.24839407141422445, 0.9094544921053845, 0.08750103553317677, 0.0933063473215471, 0.9263196598873022, 0.16214043065502862, 0.910704610166514, 0.9396159363053763, 0.9318792585220463, 0.06420184107016248, 0.887096174996357]"
40,0.1822261563021885,0.18650626134808887,0.004280105045900373,-0.004280105045900465,"[-0.007559614633466882, -1.886806331174995e-06, -1.3630444382073392e-06, -0.00027340509174766936, -2.309447243664664e-06, -1.9504970589334647e-05, -7.404509327457731e-06, -0.004674845815832551, -0.0007424450158890483, -6.46177430452255e-08, -0.026919534219614683, -9.685919057922376e-07, -0.020516618771606154, -4.923895235542375e-06, -0.000781779263026916, -2.1315696874246726e-07, -3.743899160912889e-06, -0.010498559998547208, -1.6246479672687997e-06, -0.0024147353485097778, -0.0007536657771805011, -0.02024899927804924, -0.03133162873261064, -2.291683081967477e-06, -0.005217756569057652, -5.908998830683743e-06, -0.02483193938694761, -7.807832913542256e-08, -2.9104006513680503e-06, -0.0009158732698730798, -0.0006631831483787654, -0.005554424752808984, -1.1018990140332363e-05, -0.0008277648855594677, -3.0578953542637066e-06, -5.176056645517235e-07, -1.0951626765010047e-05, -3.351781086013972e-06, -6.085077974837816e-07, -9.735669332933128e-07, -1.2322909772599644e-06, -0.006108176914805696, -1.3641913554351959e-06, -1.4172616535912397e-06, -0.002168031963910577, -3.6331065089711956e-06, -0.0029843948048862146, -0.0028342762697166624, -0.0024106099044054474, -1.5236093786619165e-06, -0.013696500447641924, -0.0005376938240089224, -1.4276353990094748e-06, -1.6446469388586848e-06, -1.228821076004749e-07, -0.0008650894277177912, -0.03000224174509447, -2.075320413630344e-06, -0.04708426516139763, -0.0020989649260712007, -0.0015370172573803131, -8.521897034707848e-06, -0.0010467985876971841, -9.629748722872478e-07, -1.1421583833159943e-06, -0.00019959070513020372, -0.001032508770635765, -2.433803151458136e-05, -0.06510750477537586, -0.0011701492735594066, -0.0016143127620784625, -0.012209460597193633, -0.006655319979236629, -0.000596228062927473, -3.177151399080813e-06, -0.0029791320311175484, -0.0021918919653165503, -2.6002525972401713e-06, -0.007055946551603576, -2.2912594026536226e-06, -0.010269493271671148, -1.4129241141525029e-06, -0.004104075599840051, -1.2686740107348271e-06, -0.003018398415251422, -1.3267421992146922e-06, -2.767769775147144e-06, -0.00016857698017691547, -0.001943675713841575, -2.3868038098173727e-06, -2.941497990960329e-06, -1.2632433146197997e-06, -3.8819501968490044e-06, -4.897459315422736e-06, -1.639328035540899e-06, -0.011227511081242092, -0.010382417372171826, -0.0035357548971892694, -6.777609011798802e-07]","[0.0, 0.8563347352686309, 0.8563347481301093]","[10.0, 10.0, 0.0]","[0.0, 0.0, 0.0]","[1.5748045834628646, 0.8905831216037369, 0.29979018391297757, 0.36991309109967496, 0.13736500501978663, 0.23117270980643845, 0.13336857696983553, 0.20763343999439265, 0.2689552880880696, 0.4706922704597005, 0.6321773322319291, 0.3360906252431181, 0.9825344162179052, 0.5745966043006318, 0.6730966550304021, 1.388680714685226, 1.1196451485058003, 0.7672967541022323, 0.16656143847926871, 0.23606060068202606, 1.0628590999222882, 1.1653133447959294, 0.5088500848892055, 0.34760090118790277, 1.316647181921927, 0.3880365378024758, 0.15463428485335354, 0.8375230360369252, 0.27849180962061776, 1.3724822187222279, 0.8600715900383825, 0.37986639067381156, 0.41536142973000134, 1.445580972647549, 0.2689552844471112, 1.285455106910673, 1.1429893579286916, 0.5473214584378181, 1.1484780612573524, 0.2689552839865067, 1.4730768986614389, 0.5754472067845545, 0.6937422671792786, 1.510140853392766, 0.7604803114088277, 1.3468860580460538, 1.542193986211903, 1.5251101348409895, 0.14832783612730477, 1.4218069861783216]"
41,0.1820577391752077,0.18650626134808887,0.004448522172881164,-0.004448522172881261,"[-0.007563293478460409, -1.5998606088807321e-06, -0.0033462319711543564, -0.0002742086012750278, -0.013068088054993598, -0.004446934833438387, -5.577784083499182e-07, -0.004676613780287386, -0.0007482425704945506, -0.03414954023368555, -0.00680586382348336, -0.0004963159929038952, -0.057836696063390924, -0.010210865380400502, -3.786932975646806e-06, -1.2540944871464177e-06, -0.007057228205814781, -0.03142500278425153, -0.004585607750558829, -1.216341293241996e-06, -1.9113857767649733e-06, -3.5366689838944865e-06, -2.153004077332099e-05, -1.0404919421613812e-06, -0.005219423316460414, -0.010473552120073393, -0.006304421798161819, -0.001523681813246247, -0.005720196353205198, -6.83597549677728e-07, -0.0007453612681515009, -0.005552801897349857, -0.02735101763191672, -4.419401990141125e-06, -7.5977202773636066e-06, -3.282839992069242e-07, -0.003273546544833028, -0.0036820235785444133, -0.0008874852988176585, -0.00026917722668856614, -0.0077027416751080935, -0.0061127380862493474, -0.0011210865365149925, -7.899810259281992e-07, -0.007268552406814122, -0.008921842732779961, -0.001547836558041027, -0.0036295003682671467, -2.9506215817320935e-06, -0.006015144550036489, -0.0035157869857478374, -5.775962592657891e-07, -0.001414127444442581, -3.592861309575923e-07, -9.50136387789513e-06, -0.0008686709590364217, -0.007612200681761161, -1.409391820694772e-06, -0.015614198824144943, -6.894316386674149e-07, -3.829789454457e-06, -0.008658132032305366, -1.5334173102399262e-06, -1.568891232928138e-06, -1.409380077643796e-06, -0.00019966004272120585, -0.0010335846194613474, -4.623316844920566e-06, -0.0014009989085401742, -0.0013350426087734846, -2.4057004828215156e-06, -0.0315251467063713, -3.6271653272024196e-06, -1.2715435722121526e-06, -0.0008672119227961517, -1.3207684712579493e-06, -0.0021859781463393624, -2.6806400401646613e-06, -0.007054035492126021, -3.7207230194624685e-06, -0.002836677710546409, -2.656689424007652e-06, -1.918443832904515e-06, -1.3993564098591094e-06, -0.003019633354076845, -1.6496162449364249e-06, -7.706021265319052e-06, -1.0905976535191542e-06, -0.004039590052852704, -0.0006614122935919564, -0.022515451199482506, -3.0763870451089304e-07, -2.015539529054422e-06, -0.009774271713643756, -0.005282464614945637, -0.003309620953007908, -0.0028860831928747555, -0.002667803619873732, -5.702396298490342e-07]","[0.0357049391815921, 0.0, 0.0]","[10.0, 10.0, 0.0]","[0.0, 0.0, 0.0]","[3.417758833487687, 1.2534002561331394, 0.2985503880190901, 0.45405891815821836, 0.145398358768881, 0.26766528472773327, 0.13843559879653222, 0.2285179858267443, 0.6357324681406633, 0.7464401662719996, 0.7190914319441802, 0.4554805108567926, 1.2246445384293398, 1.7218298129045642, 1.226213646748312, 1.68335885502396, 1.4597105558767254, 1.2590184705993004, 0.272984486770265, 0.5400654398442876, 1.9868879171020242, 2.1987047393962618, 2.401125179191846, 1.2880085021673326, 2.6281115773189048, 0.5104865026213882, 0.19660918131167168, 2.8172090465731987, 0.6415808842619897, 2.7784191583761393, 2.3885433233369726, 0.5057955249213565, 0.8220057197861851, 3.004153985188532, 0.6357324652835349, 2.0011993090377316, 3.0677562029387766, 0.7567025023271821, 2.7283304446496226, 0.6357324717599038, 3.086485751605293, 0.795079683995074, 0.9711496378918426, 3.2060661051012858, 1.412278437621255, 3.2299251338449353, 3.30980095152623, 3.253343529467312, 0.1661727953769368, 2.9271510603266067]"
42,0.18267549342336947,0.18650626134808887,0.003830767924719397,-0.0038307679247194925,"[-2.1484236745195062e-06, -1.7068973043876667e-06, -0.003348282513635059, -0.00027386580872157396, -0.005538190514775998, -0.0044475100605709805, -9.710739701240811e-07, -2.61991241723436e-06, -0.000741405753336366, -3.5031087186609966e-07, -0.02768354375661719, -0.0004961961625746802, -0.013954189263484018, -1.214228171342313e-06, -1.277959023049391e-07, -0.0002244503577517598, -3.3546479816237706e-06, -2.778449077034395e-06, -0.004587003145054336, -0.0024155969625139218, -0.0007550719515596604, -0.00571344065490198, -0.02943888625897717, -2.232978758787141e-06, -1.2058718947827174e-05, -1.2258531603137612e-05, -0.006450603617592865, -0.09366665535423424, -1.5289482313551872e-06, -0.0007987603305521507, -0.0004946064843019959, -0.001991998186698929, -1.0160230670575032e-05, -0.0008276318772857394, -0.002748005479920934, -3.2501204016988083e-07, -0.0005292138038175409, -0.0036808229553781935, -0.00032217510667242877, -3.645372645966205e-07, -7.4088961348195426e-06, -0.0026600812158785736, -1.1900704299794285e-06, -9.402794300950035e-07, -0.0021698254674704653, -0.0023898843585341556, -2.597067361609362e-06, -2.680648214514747e-07, -0.0024104225431060833, -0.006014637931212263, -5.825184078211976e-06, -0.00020834932358937408, -0.0014108706392701453, -4.222471161607899e-07, -3.9855985347614364e-06, -0.0008641922417815806, -2.5267550727292587e-06, -3.5853052338108427e-07, -0.015613342569777533, -0.002102734928032035, -0.0015385642783147802, -0.008657417030009107, -2.2146167193426436e-06, -0.0003542675655290317, -1.7911551206672982e-06, -4.672393292270982e-07, -0.0013763019102706053, -0.03324917004146677, -0.0012174292526125896, -0.0011685895445969763, -0.0018461482562499576, -1.0624441715734179e-05, -1.7346134073559227e-07, -0.0005956283048033084, -0.002704676741367429, -0.0029780387799676067, -4.048554608004906e-06, -0.0003740240970460107, -0.007057452813963083, -1.6247920524570247e-06, -1.331330933052044e-06, -0.0020288706297595382, -0.004095018007225226, -0.00337322680385288, -0.00302035870754791, -6.335535189805341e-06, -2.2365742979868486e-06, -0.0022451880612741615, -0.0019478777234198663, -3.982262670731984e-07, -0.022513557682476204, -0.005140096855190679, -0.007895057732596023, -0.009773772049540774, -0.0008122212228407477, -0.0033104744242189454, -0.0028882819716149477, -3.597947690892056e-07, -5.373671594366414e-07]","[1.4205553760095455, 0.0, 10.0]","[10.0, 10.0, 0.0]","[0.0, 0.0, 0.0]","[4.166420012459847, 2.287247739136648, 1.3035030011829405, 1.0656005228300753, 0.6446198330081329, 0.8029494472337403, 0.6049386948896861, 0.7276238445604986, 2.0184163552213445, 2.2862629656060705, 2.264991139281954, 1.991543227152234, 2.57063602120711, 3.1571798670918967, 3.0926333020180925, 3.337980773032475, 3.251330199491508, 3.133901018238046, 1.1221516850228046, 1.6338654932473986, 3.643954342216884, 3.7347263851727512, 3.6453992261296015, 2.9858749829374283, 3.922685151719181, 1.2208346074135203, 0.9962522559623681, 3.90949671711357, 1.9226972168834178, 3.9694547940557867, 3.778706945318684, 1.2507363860426937, 2.0348430725463174, 4.0486587195099135, 2.0184163461435083, 3.642337311792984, 4.037548652983172, 1.6161886982458127, 3.9394353945439353, 2.0184163535118493, 4.070782811793853, 1.6860710987555176, 1.91632489835085, 4.108479021051049, 2.722057779099885, 4.103644887828, 4.1374383943797515, 4.120497979127062, 0.6718487168098758, 4.020041642894526]"
43,0.18401842747346087,0.18650626134808887,0.0024878338746280038,-0.0024878338746280784,"[-0.007560590211531437, -0.010267955092920111, -0.0033476630401660934, -4.966483033719271e-07, -0.0032927826006989847, -3.3560161476486883e-06, -7.417965282030536e-07, -0.014116360231977348, -0.000741416731433242, -2.4579509982913805e-07, -0.009490702498402115, -0.0004966749027044415, -0.020501213126739692, -1.345533308327873e-06, -0.0007818455724484252, -1.298319900921996e-06, -5.065055249886541e-06, -2.1381708297241175e-06, -0.004579554399687824, -3.830308124008752e-07, -0.0007558976666466322, -0.005703234711594174, -2.3697786269316623e-05, -3.9930010187205767e-07, -0.005556616145984794, -2.159785692512628e-06, -7.4824277755958235e-06, -0.00036189906461570054, -2.889101652359116e-06, -1.1602902565410744e-06, -0.0006633409239463761, -4.2722767549241425e-06, -0.0019658677337494046, -3.223464961621403e-07, -0.0019800151135584976, -0.00013810459779689532, -1.1552231433675786e-06, -0.0036816153094489934, -1.170789140303441e-06, -4.7603468217305434e-07, -6.152859489017004e-06, -9.01709343370527e-06, -0.0006387393083990833, -0.00023132972842043742, -0.0021705131638420916, -1.5344794177529764e-06, -5.893927128575172e-07, -0.002585039415308188, -0.0024103058681963496, -9.786263360567204e-06, -3.754802771815946e-06, -0.00020767614056449446, -0.0014089615882424411, -4.668312884037462e-07, -0.009210035022099827, -0.0008644109988349413, -0.0076126957423605646, -2.022177776894729e-06, -0.015623826823641718, -0.0020988317187757843, -0.001536578058630056, -0.008658540547631599, -6.973478847704939e-07, -1.6215733029678603e-06, -1.3785032376700812e-06, -0.00019952543564150105, -8.921083978208344e-07, -0.015735962744461318, -2.0843186772090405e-06, -0.0011688545005998918, -8.423154422843027e-07, -4.177629061352661e-06, -0.0021571929713045668, -0.0006618045084965107, -3.7722291148512e-06, -4.127193948821883e-06, -0.0007320456613792992, -0.0003739758161929174, -7.90016309260011e-07, -0.0031387830369151715, -7.172012499445657e-07, -0.0017958815422938201, -8.292412110311176e-07, -0.003361717507502915, -0.003017812015610133, -3.1599394940684533e-06, -1.5409000448940446e-06, -0.0022451161113643536, -0.0019430966108329173, -0.0003078146088085765, -0.014117610819756266, -0.005139012052291392, -1.3587917435664565e-05, -2.502677407534293e-06, -0.0006662775407495491, -2.144513273627524e-06, -4.341969520993416e-05, -3.0475403733909445e-07, -0.038110066599842396]","[0.0, 0.49835107925971567, 10.0]","[10.0, 10.0, 0.0]","[9.853999949349657e-09, 0.0, 0.0]","[3.754749061942749, 1.581906891523306, 0.5696657005251812, 0.6220178634064861, 0.26921115733806367, 0.4010474383064888, 0.24764551206224567, 0.3460121147990431, 1.2711300393671592, 1.5112997338760803, 1.3105126140533723, 1.0015070876036472, 1.8000850128230588, 2.3993027998398695, 2.213734278346273, 2.4551056516683727, 2.290749143413705, 2.112226602226084, 0.5502456297259699, 0.9680393792124267, 2.912496211480435, 2.9712943286750026, 3.1194661597075974, 2.1716925261473197, 3.3379687751366975, 0.717137235883878, 0.3850582150688309, 3.4479115797397273, 1.1256490292687222, 3.377501624528741, 3.1866084726241843, 0.7176490147149902, 1.2689211232886877, 3.547947374752233, 1.2711300314413392, 2.8404318571540044, 3.5999535178981095, 1.0208348568105783, 3.3857811519086485, 1.2711300391673226, 3.5671837557152988, 1.0645902786910753, 1.2674522718811152, 3.6517048637686527, 1.9047613819639586, 3.678883709940284, 3.7028911605175496, 3.6636241756281134, 0.29087174151184864, 3.4710643514751442]"
44,0.1831830628572284,0.18650626134808887,0.003323198490860463,-0.0033231984908605543,"[-0.007560164659289548, -0.010265048696047607, -0.003345873981851266, -0.00027278998114788067, -0.005601084822774549, -0.004386647095975693, -2.1829886676094645e-07, -0.004675163330051912, -0.0007414413768123129, -3.745072029159857e-07, -3.2335384902992814e-06, -1.0531544694103445e-06, -0.020499544879823972, -0.005627603140776927, -1.533074893700359e-07, -1.3413731150269115e-06, -6.651777590960251e-07, -0.010915040721008573, -0.004579261892339037, -2.2930981529167838e-06, -2.106583635086423e-06, -0.0057039600570090165, -0.03129972176969442, -0.001207904183563091, -3.012222150822197e-06, -0.0023692421494994065, -0.0063046679735654365, -0.001522633340778956, -4.62867512274201e-06, -0.0007985308235378685, -6.810961296066509e-07, -0.001992734099440341, -0.011098023197408935, -0.0008277510119940601, -0.002747800191774896, -0.0004038362124245687, -0.0008288891562577838, -0.003682028671772919, -0.0008862429655778215, -0.0002366824317485694, -0.007703432419233991, -1.0266233174682782e-05, -0.0011181796282759837, -6.582268430310734e-07, -0.002168570024479566, -0.0033346563650125116, -1.569535396650501e-06, -8.658568866337646e-07, -6.869418138766292e-07, -2.698641377030242e-06, -0.0035104648259070004, -0.0002080545471194739, -0.0014087309714052587, -1.2492254121143631e-06, -0.009210844679292673, -0.0008642459996854868, -0.006802012427339799, -1.2842693267733907e-06, -0.015613789248992482, -0.0020984940555779374, -0.0015369755644929484, -0.008661405284597024, -0.0010467876055118008, -0.0006974044895149412, -3.480549458645399e-07, -0.00020050912909552743, -0.0010335789124935602, -3.2539907466322404e-06, -0.001216654743965817, -0.0011692422278279935, -0.001614460602907819, -0.012210018818257229, -3.2077781475514655e-07, -2.345724704477803e-07, -0.0008814617446801787, -0.0029777963766679516, -0.00040648723122460595, -0.0003745677358804045, -0.007054263362227475, -0.0031386861296818225, -0.0028355731378963966, -0.0017961666473418347, -0.004090245399205772, -0.0031782970221727602, -0.0030176502331280552, -0.0036260215607457624, -0.004526194598606592, -0.0022446313440179777, -0.0019433512417346144, -0.00029381777632819794, -0.022514970957889346, -0.0051388982188878, -0.007395758282472187, -0.00977496845964243, -0.0006662193954327655, -0.0033108037435232163, -0.0028847247875429805, -0.0010726531438152165, -4.193207218117223e-07]","[0.0, 0.010035771619333151, 0.010035771619333151]","[10.0, 10.0, 0.0]","[0.0, 0.0, 0.0]","[1.5246503937088958, 1.0810288340343068, 0.6046102141830361, 0.5214788945720615, 0.2949437239656658, 0.39907466874886033, 0.2872306877578356, 0.3640644133915586, 0.7118049850814214, 0.9077128297025091, 1.03738882494594, 0.7263470686904875, 1.3097404231276522, 0.9284540460205772, 1.1055063827271365, 1.4161604928453335, 1.3109153059685468, 1.1323973805849339, 0.39558061872344197, 0.5574171523470739, 1.3161669981882684, 1.3572544829530364, 1.0486571608421613, 0.8855751789170564, 1.4261696282274052, 0.5825641605108136, 0.31886757907135177, 1.255553406230719, 0.6019810390598327, 1.447632720191463, 1.2491344089017995, 0.5819112526281454, 0.707734895944126, 1.47678746328189, 0.711804979731689, 1.3923963499853782, 1.3820159881234368, 0.7590173981097331, 1.3702394056078406, 0.7118049812365546, 1.4871168519938296, 0.7858762844633085, 0.900899756774903, 1.5010334865135235, 0.9970562239024777, 1.453269540676598, 1.5128209188951973, 1.5065952926836317, 0.2951263353324156, 1.4673086756074998]"
45,0.1831339567851145,0.18650626134808887,0.003372304562974382,-0.003372304562974476,"[-0.0019133393771317841, -5.603724607450289e-06, -0.0008508765253423256, -7.150956027368593e-05, -0.0013908031490212913, -0.0011293322670633543, -1.0671752179725047e-06, -0.0026366747210184727, -0.00019128074095942083, -1.232319362332035e-06, -0.00936141840751592, -0.0001204604270177434, -3.1342350750307446e-06, -0.0014192562766104366, -1.7488023429379496e-07, -0.00011780450355836081, -0.001790821729697356, -1.8248720872193758e-06, -0.0011610736848834957, -0.0005814381549509307, -0.0007838281614915843, -6.224504005558629e-07, -0.008097675389966419, -0.00029146584112105245, -0.001330093596090265, -0.000571654996758042, -0.0015845335934066007, -0.0003870872486730903, -0.0014739949483471015, -0.00019393544603407697, -4.074599856074279e-06, -0.0005102328535255829, -0.002802283997148436, -1.1501308154748813e-06, -2.3932996451314636e-06, -6.7992908501235405e-06, -0.0005287361945076618, -1.3798650648766397e-06, -6.150890889955463e-07, -2.6662199964500033e-07, -3.4624434830377027e-07, -0.001531379936106525, -1.3641914007322953e-06, -0.00011058352668191773, -0.0005455546967887415, -0.0008364348449294567, -0.0007878684526718693, -0.0007024914165307816, -0.0006123450741530867, -0.24220588796084863, -0.0009082639556741157, -4.9917988081293885e-05, -0.0003615745019722727, -5.126619834205925e-07, -1.2410740244384044e-06, -0.000226362340504771, -0.0019702149585025808, -2.589179981526968e-10, -3.425207398599639e-06, -0.0005399775218855041, -0.00039671449679890003, -0.004916348719107511, -1.3212399259110441e-06, -1.3829364760020724e-06, -0.0003596141234810668, -5.240234157799506e-05, -1.6048228212994786e-06, -0.003964434361677149, -0.00031476177800082716, -0.0002843892446042773, -0.00041913201376786446, -2.3800534418860764e-06, -3.5070198296516253e-06, -0.00029804375864050936, -0.0006848140150965687, -0.0007497249868736455, -0.00019067117088611418, -9.821951944211094e-05, -0.001787806232900424, -0.0007727964402390874, -0.000722645158792945, -0.00043755396822708903, -0.0010374992149455586, -0.0008423283074159293, -1.3906950138142804e-06, -8.344383304326186e-07, -0.0011532632234569906, -0.0005638695763018342, -0.0004948847793706523, -8.127272645885864e-05, -0.005655624868492026, -0.0012984236754736145, -0.0018810408263760792, -0.009826475412787694, -5.564128787716172e-06, -0.0008531115629732966, -0.0007064841050712367, -0.00027751394090103076, -6.046898828326874e-07]","[0.0, 0.0, 4.990252666027655]","[10.0, 10.0, 0.0]","[0.0, 0.0, 0.0]","[3.042794827304027, 1.6590366029139112, 1.0737962804646706, 0.7112182190022648, 0.48432969920845137, 0.6130671773051141, 0.4651485834553073, 0.5437346584247191, 1.100263645827551, 1.3017400476934677, 1.4606474124201776, 1.3499984877266593, 1.5593599953537844, 2.097682186286526, 2.0408176535325744, 2.2683675225500632, 2.23481061806565, 2.1848955710120914, 0.6324875226237764, 0.8665075924085092, 2.5506637534911443, 2.671181430358473, 2.529211871634223, 1.9568563872964124, 2.812273457671949, 0.8634443363057711, 0.5844605351806378, 2.787845468056462, 1.1991609982486122, 2.8708765273381225, 2.6739459737207976, 0.911894855727331, 1.3172438634600148, 2.9312243341582476, 1.100263639623281, 2.5693478152720326, 2.9145605922306403, 1.1635855935423631, 2.8333451441822075, 1.1002636437244153, 2.958818993271204, 1.2216572102005603, 1.3861902139766353, 2.9878556349811154, 1.8404172836930968, 2.9802442630569606, 3.0153041748146214, 3.00235392023873, 0.4858349075557845, 2.914648781162468]"
46,0.18477802141044994,0.18650626134808887,0.0017282399376389312,-0.0017282399376389995,"[-0.0019129466261409434, -0.002586994397696607, -5.993061939602029e-06, -7.441755069947931e-07, -0.0013810363367312561, -0.0011001916428439174, -0.00019585815970102338, -0.03604585131037785, -7.848345662253564e-07, -3.494185452090903e-08, -0.02768435483625975, -1.0773215926018764e-06, -0.005193884130052062, -2.6657650940675737e-05, -6.362457023456614e-07, -0.00011761023829492956, -4.76254147674382e-07, -6.740131474280986e-06, -0.001161023132275396, -0.0005675575387700249, -1.7494674073859073e-06, -2.4265033755632714e-06, -0.00809815617949905, -0.0002911418543498634, -0.0012833175295035026, -8.042370586380798e-06, -6.176827695547615e-06, -5.799071631784614e-07, -5.05968960817782e-06, -0.00020749728869851047, -0.00012955266387282283, -0.0004893447378435667, -0.0027974752325610197, -0.00019894773642814556, -8.292871080506359e-06, -4.6656833729841196e-07, -1.4139868516060972e-06, -0.0009054193760289486, -1.3871518795838256e-06, -5.974235449124343e-07, -0.0019315566758661973, -2.4959521227607695e-06, -3.970072659509327e-07, -0.00011093368009884585, -0.0005456135577632804, -1.783781575115384e-06, -6.103197125462145e-07, -5.118486328115068e-07, -1.813306289233374e-06, -0.0013924545829020474, -0.0008507404929734008, -1.3313165219130951e-06, -0.0003449534757471451, -3.934503235991649e-07, -0.002322287235695164, -6.281646935946128e-07, -0.001972117833649367, -1.080278099196974e-07, -1.0783305706141277e-06, -0.0005414056374659637, -0.00037427062711703485, -1.9485303621724626e-06, -0.00025377405568649536, -0.00018106132131112673, -5.270526634348904e-06, -1.0579874594185412e-06, -0.0002492168946490736, -0.050838778546713925, -4.9664228258805565e-06, -0.00030172332184985606, -2.9891684265592744e-06, -1.1141717810581042e-06, -2.1886081318367445e-06, -2.2468541560627386e-07, -2.7389032801083957e-05, -0.0007501622737180469, -1.4806977386427889e-06, -8.924291677958607e-05, -0.0017856597244514383, -0.0007732148975545527, -0.0006976559799465321, -0.000437542445434147, -2.3935489490423123e-06, -0.0008422812831350157, -2.6736505844837666e-06, -0.0009163643362422036, -0.0011547961456530587, -0.0005631129356148401, -1.763878262339702e-06, -1.322291535044151e-06, -0.005649521302315108, -8.219840601508821e-07, -0.0018233445478195165, -2.1041899351814664e-06, -0.0001591445844253414, -4.382030716065799e-06, -0.0007389628292668871, -2.813959294467594e-07, -8.370441650917826e-07]","[0.0, 0.0, 0.04341549607074641]","[10.0, 10.0, 0.0]","[0.0, 0.0025417883660591627, 0.0025417883350161846]","[3.981679379161299, 1.4969630612166456, 0.4090228554604632, 0.5272898518646402, 0.20908521656623127, 0.33483399623105276, 0.19104813212806493, 0.2798286022978711, 1.2593381527410195, 1.5640042929602649, 1.3025569296673047, 0.854385924999844, 1.892442105059412, 2.3509305104084177, 2.306222228320292, 2.7122214405965654, 2.3927507117336844, 2.0150114345378958, 0.46378648570277115, 0.8921727910608668, 3.0477727238437633, 3.0099137378751926, 3.1822671106107885, 2.152003952153136, 3.5116838989042005, 0.6370957396561372, 0.24035170108868356, 3.564918208820099, 1.0248218641478466, 3.5063418869783147, 3.273720882596695, 0.6384066047537995, 1.173715548065835, 3.746317465088466, 1.2593381426358212, 2.974502822120073, 3.757912603554116, 0.9378014410878858, 3.49482862824116, 1.2593381517488005, 3.743641835270951, 0.9797442051710531, 1.1830551872422885, 3.8638497588933047, 1.8169783388346126, 3.8674978989443076, 3.922240173649237, 3.8656149321162903, 0.22767389276227307, 3.6229602636101093]"
47,0.18590604054000082,0.18650626134808887,0.0006002208080880533,-0.0006002208080881428,"[-0.001870053394520177, -0.0025883114048625977, -2.0814329413365584e-06, -6.574510279167001e-05, -4.636303837290967e-06, -7.695394075302175e-07, -2.0466738970270626e-07, -4.963239367050676e-06, -4.362960210890776e-07, -4.3902700175291187e-07, -0.0017242624228548387, -7.154658545616144e-07, -3.284934860126043e-06, -5.887554446637466e-06, -1.7640730165524587e-07, -0.00019942870577160932, -2.9093310485173163e-06, -0.0027589873698339318, -9.333590285098836e-07, -0.000583005722815999, -5.296706668822537e-07, -5.579350502493696e-06, -0.008097463611675515, -2.1849837059662036e-06, -0.001282719919304398, -3.3335844227266875e-06, -0.0015837305045582895, -1.5089615048591298e-06, -1.1088166012029887e-06, -1.278833895446141e-06, -7.085529019068559e-07, -1.653677258461883e-06, -0.0027978279546081453, -2.1881561274028627e-07, -2.7705823804069496e-06, -6.941404278038021e-07, -2.583222276530961e-06, -1.979726564904638e-06, -0.0002798072414553765, -2.8762295645190505e-07, -0.001931116465993199, -6.764066072140196e-06, -1.5392815366777057e-06, -5.330629297972678e-07, -0.0005452148592812733, -0.0008354263634600123, -1.0148312559188355e-06, -1.5503317764009594e-06, -0.0006101572700361046, -0.0014333431280793008, -0.0008546189691882589, -4.973760366855373e-05, -1.6921446956974506e-06, -4.796152799357856e-07, -0.002325907525526194, -0.00022599384427746116, -2.762402409262066e-06, -8.368858347429509e-07, -1.7264572484965157e-06, -2.2911501234013087e-06, -0.0003733992150256604, -0.005825976747477535, -0.00025390917325740503, -9.18568174412826e-07, -3.036853004623197e-07, -2.801289573639565e-07, -3.2962660654334286e-06, -0.003963825988704706, -1.078460662484737e-05, -3.924324314397154e-07, -3.2037118127270503e-06, -0.003074780388137466, -2.963234026376327e-06, -4.277423700793648e-07, -0.0006703067696094411, -1.4842898512501534e-06, -1.0186147816337865e-06, -9.004666439649256e-05, -0.0017861255302749068, -0.0007995598368402135, -5.120444741546493e-07, -1.4145816593646998e-06, -0.0010372992783131973, -0.0008422681635840146, -4.1992459065554044e-07, -2.45552045941011e-06, -2.36631201522286e-07, -0.0007919816321452222, -0.0009997771056025062, -7.408142152032227e-05, -3.98767910070319e-06, -0.0012986899917797334, -0.0018779290595896114, -2.4035284729606587e-05, -0.00017589068602741342, -0.0027061786765703033, -3.065043005512358e-06, -5.051331866123832e-07, -2.208351564947364e-07]","[0.0, 0.0049855020002965225, 0.004985501939408358]","[10.0, 10.0, 0.0]","[0.0, 0.002657679800973212, 0.002657679768514846]","[2.566014317838457, 1.434390797436427, 1.1378972711935937, 0.7571025873494684, 0.46846718333770354, 0.6032846894412827, 0.45015420198140665, 0.5579705981898258, 1.013300191530245, 1.2828123691782098, 1.6137434685264627, 1.2792246190645151, 1.9040139346579226, 1.4690654389263031, 1.7203545759061225, 2.2165786622563246, 2.120707152886756, 1.9569794341868787, 0.6188745225735639, 0.8157799679131004, 2.1390168124249027, 2.3112939053545056, 1.749857101864277, 1.4174057995545788, 2.363138969262536, 0.8251754845764571, 0.6504028351201008, 2.1032424066953426, 0.9503649954735893, 2.449746570890494, 2.0794382447940083, 0.8372629101869131, 1.0608788280312544, 2.4671840474346354, 1.0133001845695984, 2.289338741101375, 2.319346074529361, 1.0432149638687978, 2.310105674994478, 1.0133001862960138, 2.509547313941753, 1.083840822125974, 1.216181659357183, 2.5171974040238103, 1.4423410054777843, 2.4421326549178732, 2.5415502593767503, 2.5388973347100814, 0.4766613027383132, 2.4795983134294324]"
48,0.18616522961580498,0.18650626134808887,0.00034103173228389183,-0.0003410317322839563,"[-0.0004609758275022635, -3.4422218559981843e-06, -1.7303955450742592e-06, -7.695265256124628e-07, -2.9074217540170366e-06, -1.6203090014155208e-05, -6.326654582444746e-07, -0.00029327477196350316, -4.5762766083257134e-05, -7.309667956478805e-07, -1.9190629423349037e-06, -0.0001299275215602691, -1.7262223167335833e-05, -3.0913890203265737e-07, -4.760615474364016e-05, -2.154534695097965e-07, -1.4193712166932215e-05, -4.59820296239144e-06, -0.0002978280841317016, -9.622528922559326e-07, -2.423888442404376e-06, -3.743657117638577e-06, -1.1734839836741173e-05, -1.319532350940733e-06, -1.1177681872531764e-05, -2.831905117517408e-06, -0.005745986646977563, -2.5373101775194584e-07, -0.004041383597557013, -4.9015401785590385e-05, -4.081759533702822e-05, -8.869404473088593e-07, -1.598982666761728e-05, -1.0164067081319672e-06, -1.924739613912152e-06, -7.355409372689081e-07, -1.093724004253005e-06, -3.3084628250357184e-06, -8.304399758962688e-07, -4.5484032706877287e-07, -0.00646176599132664, -7.204469568034e-06, -1.3641914597961602e-06, -0.0004408399061088808, -0.0005448389417739286, -8.830643045687481e-07, -3.0803647774746423e-06, -1.2387363947929941e-06, -1.5448407784113272e-06, -2.8336565138786796e-06, -1.4627014097712276e-06, -3.342896572888776e-07, -1.2192562841573107e-06, -9.872605344352081e-08, -9.02292295990037e-07, -8.603282495300846e-07, -0.0005151196011594639, -9.749274532122598e-08, -0.0010176382093760594, -2.291152206179703e-06, -1.5753940703078229e-06, -2.601727680184851e-06, -9.065292416732262e-07, -6.922606843318135e-08, -4.883660067456219e-07, -4.5060061415469477e-07, -2.218975990508909e-06, -6.538727291172108e-06, -0.0009751704967244645, -7.214256210996695e-05, -2.121150367795366e-06, -0.00303423931199287, -5.20048586194477e-07, -7.140036230035562e-07, -0.0001700718387054323, -0.00019155530598324866, -6.977653446149645e-07, -1.1326006048584247e-06, -0.0017456708517518127, -1.8318912164971834e-06, -1.7367691329539525e-06, -0.00011026269171132697, -1.048011754933853e-06, -1.303142860731299e-06, -4.5512164315031356e-07, -1.4029586536956629e-06, -2.736648246015605e-06, -7.43897174970698e-08, -5.453318676629237e-07, -6.367534319817736e-07, -0.005652684767437854, -0.0012726096232331674, -5.910059729608008e-06, -2.555090561351392e-06, -5.424827718147895e-07, -0.00021066920101020514, -1.3006195076492588e-06, -7.98978296634445e-07, -3.524087704986911e-07]","[0.01697052778922717, 0.0, 0.0]","[10.0, 10.0, 0.0]","[0.0, 0.0, 0.0]","[0.3699263062320161, 0.06287815916871496, 0.24429604476048428, 0.06186689732460105, 0.06457483955092697, 0.06230272529362153, 0.06348340097539287, 0.062165797010418244, 0.09785788287700248, 0.15532457648467737, 0.27734079224545904, 0.19571956996041132, 0.3381536601366607, 0.06988030015401986, 0.20801164211968642, 0.353787218168754, 0.33017957768513884, 0.2864303952647197, 0.061349016401430534, 0.06673037995082452, 0.28421145696583694, 0.33392740897741297, 0.14119538448285077, 0.11451290167955959, 0.32821214547928057, 0.06257302149141063, 0.09146911075333922, 0.2339347434325278, 0.0637259963503198, 0.35321941937780976, 0.24337470085798846, 0.06243508031827865, 0.061970309520626786, 0.3493835091575345, 0.097857881565496, 0.33929496373264384, 0.29537350852192357, 0.0627537400199674, 0.30505018840603837, 0.09785788133824283, 0.3617472648960404, 0.06263744950761754, 0.06282268486858329, 0.3597267833714863, 0.061959104760612414, 0.3319055105846776, 0.36480214738858274, 0.36598235960984227, 0.05661838344518298, 0.35746003626733514]"
49,0.18613863958388643,0.18650626134808887,0.000367621764202436,-0.000367621764202508,"[-0.0004750194295310983, -1.7773721343594673e-06, -4.100097223957988e-06, -1.4164992611753746e-05, -0.0013909804572631579, -9.861959844315038e-07, -4.610613742528358e-05, -9.300188494876238e-07, -5.816549557557948e-07, -3.462413689092614e-10, -0.0004264990057292195, -0.00010488051520773922, -0.0013302717023160326, -3.5021865896212034e-06, -2.3338595989130795e-07, -2.9514073809799868e-05, -0.00044354031296078844, -2.3981499479575064e-06, -0.0003001501562562847, -3.9654097183650094e-07, -2.464249348577141e-06, -3.730855588912618e-07, -0.007563466895843085, -7.33045146681377e-05, -0.00032536968989038684, -0.0001446947277248256, -9.60037742290254e-05, -9.576264523492029e-05, -0.00038173245611905493, -5.132854444611645e-05, -4.126586152397582e-05, -0.00012396035361272872, -0.0007159993328502701, -1.0164066832629715e-06, -0.000706092653266932, -2.4104743778785576e-07, -0.0002163195780404692, -0.0002297200888925488, -5.379490120471786e-05, -2.8417818692672014e-07, -0.0004930270670748804, -4.133909337955544e-06, -6.974935431780516e-05, -0.0001103419842838349, -0.00013709000980077768, -1.5427855750704822e-06, -9.533181481513608e-05, -0.00016194664667290581, -0.00015147743150700776, -2.427195798127002e-06, -0.0002140752037016469, -9.47434148468318e-07, -1.952185930020889e-06, -0.01202070175496317, -0.0006143844756767436, -0.0004693315552595223, -0.0005116069483757091, -1.0873850031511978e-07, -3.6866230330723226e-06, -0.00012837443326008113, -9.544784776860382e-05, -0.0014690479942354173, -6.387016185849248e-05, -9.298044276739859e-07, -4.381872819037014e-07, -1.0526070637340013e-06, -6.772277010247407e-05, -0.001019995061801282, -5.212731830628314e-07, -7.730729887356347e-07, -9.974224796538422e-05, -1.7175358881793557e-06, -6.598124757672963e-07, -0.00015352329367268602, -0.00015750883834075857, -0.00019204305555220458, -1.0378003727495866e-06, -2.351513958931406e-05, -0.00043506375382418305, -3.4257647025803806e-06, -0.0001764498728862307, -0.00011002468030341106, -2.528784270205975e-06, -3.886974448530367e-06, -0.0001889697485970565, -5.495435547953065e-06, -2.5140060941897246e-06, -5.796878433939057e-07, -0.00012300947393706352, -7.805824782103343e-07, -5.308534628767347e-06, -0.0003131640574867145, -3.0135969364408766e-07, -0.0006255317604830779, -0.00017516758431090906, -1.778456693024566e-06, -5.496315544917252e-06, -0.0002730663150556367, -9.99733885453935e-07]","[10.0, 0.0, 2.3723710326709275]","[10.0, 10.0, 0.0]","[0.007902859095340733, 0.0, 0.0]","[3.0169993005100975, 1.23103933350025, 0.22165181917233626, 0.4537374056791713, 0.13792777928957858, 0.2626595649221232, 0.1318726422908933, 0.2249350398935821, 0.6935709506888377, 0.8421886789354329, 0.6032794717363295, 0.38265866607987153, 1.044536985870666, 1.6448523265420476, 1.2665714340804601, 1.549796778831104, 1.287077898878885, 1.0679876080239321, 0.2724209672575776, 0.5566464198731078, 1.9049388280952313, 1.905198990803703, 2.2621881921580824, 1.2837032790837668, 2.4135803691025757, 0.5073893206959031, 0.14408472530079688, 2.627769176486019, 0.6335433358216254, 2.43189044760136, 2.250806449233349, 0.49788862340456563, 0.8108772167960429, 2.703669997846342, 0.6935709463371011, 1.7979322482828113, 2.811312034627798, 0.7487011464297778, 2.470946523780194, 0.6935709530506289, 2.7134645878143244, 0.7825786361146465, 0.9574338627174765, 2.857333906557718, 1.3711076120694679, 2.913051555292097, 2.935752944403307, 2.8662778499602815, 0.15909829175163773, 2.5677256862362356]"
50,0.18631813245327894,0.18650626134808887,0.00018812889480993022,-0.00018812889481001376,"[-2.838071068822501e-06, -1.2598041003730742e-06, -4.6636843098468717e-07, -1.6632441536046372e-05, -9.69563567654319e-07, -6.318115257641921e-07, -7.801346543656607e-06, -0.0002918124411968037, -4.006226791863909e-06, -2.220446049250313e-16, -0.0016099648358434138, -0.00010336346539618901, -1.2447531494430564e-06, -1.3804331202571518e-06, -4.1006781170693785e-07, -1.2205658601605052e-06, -2.460000875004198e-06, -2.838820511996687e-07, -8.500575034986468e-07, -7.449958885352714e-07, -1.6339697195277836e-06, -3.7052827077665995e-06, -0.0020940024291657977, -1.2836060170329233e-06, -3.1658215613461493e-06, -1.8823030778492011e-07, -0.0015016069561859524, -9.575926776905774e-05, -0.00038129848375967335, -4.9067280963877025e-05, -6.732202117998298e-07, -3.2394372717625686e-07, -3.807216610862696e-06, -5.28243335295997e-07, -2.224596080235841e-06, -4.1599949929249647e-07, -1.4617157324536834e-06, -0.0002290274979399598, -5.377287022856336e-05, -3.0155429059375294e-07, -0.0015509831391300466, -7.827945609051312e-06, -7.14862321116172e-07, -9.114745447291739e-08, -4.277759737547626e-07, -6.380389996341052e-07, -1.8521443552188543e-06, -1.0893850470594657e-06, -6.367030622733694e-07, -0.0003532742653451493, -1.5043386598634356e-06, -2.097610893869728e-07, -8.88751455243586e-05, -3.771334156077444e-07, -0.0005953176433255436, -9.546209470467915e-06, -0.0005114405834492075, -2.1639355763936052e-06, -1.2351497764573338e-05, -0.00012679460300324408, -1.1489238600503882e-06, -0.004914267549270823, -0.00010416887565556365, -5.938067815236536e-07, -2.6517233753242664e-07, -2.3746433797100508e-07, -2.0638256343907813e-06, -3.1495912775625357e-06, -1.166609340685909e-06, -7.502111966095626e-05, -1.1218557411929453e-06, -4.759554716127212e-06, -3.495521938567947e-07, -3.7396478724804894e-05, -0.0001697032350509442, -1.5340034402733238e-06, -4.492553055124304e-05, -2.462249282242368e-05, -2.9052591645761794e-06, -0.00019553413892348104, -4.308063989100219e-06, -2.2538824571149974e-06, -0.0002697739836805546, -3.223464771551221e-06, -1.1969369578812561e-08, -0.00011321455260482338, -6.39641128064028e-07, -4.822060195586175e-07, -0.0001215037240922534, -2.9820222986476352e-06, -0.0014271639131173686, -3.636254706673725e-06, -2.3750612143658145e-08, -0.0006230065040817578, -5.166999608174905e-07, -0.000726461715262694, -9.412051069634941e-07, -6.543985937579322e-07, -3.2201819988308955e-07]","[0.055227208873006195, 0.0, 0.0]","[10.0, 10.0, 0.0]","[2.691603675329882e-06, 3.7230079128780425e-06, 4.5980234619468964e-07]","[2.375504079557998, 0.013172737580115636, 0.07559186001015727, 0.012306178369541869, 0.017343014764124958, 0.01138496054778335, 0.01367983553736762, 0.011054041521930852, 0.190676608916572, 0.40058705033312547, 0.4455672146902828, 0.20149462013982417, 0.80247843336019, 0.062323177285242136, 0.7773604696144018, 1.6514998505109493, 1.2232502366344657, 0.7282092222259269, 0.039283922641155794, 0.06506091954492056, 1.3914720932946592, 1.4306616842860682, 0.40465154895819017, 0.26956462043989327, 1.851077402415219, 0.013041518515445624, 0.03244124339348181, 1.0393652305451873, 0.043838914026760184, 1.8800232459295176, 1.080111290281105, 0.012347025636321377, 0.027281606586876315, 2.105420638520082, 0.1906766038779495, 1.6374113265522137, 1.5825368087819383, 0.013130345667149617, 1.5436717545687912, 0.19067660391945454, 2.1193241213565672, 0.012785550366667625, 0.01315639611041753, 2.2384067180013396, 0.021896634085562073, 1.9526536702832429, 2.305870898131124, 2.248570633328178, 0.013807681146156846, 1.9956238368364874]"
